FarmerID,District,Region,CropType,FarmSizeAcres,SoilType,RainfallMM,SoilMoisture,FertilizerKG,TemperatureC,MarketDistanceKM,Irrigation,HarvestYieldTonnes
F0001,Gulu,Northern,Beans,10.2,Clay,798,29,420,26.0,29.9,Yes,5.65
F0002,Kampala,Central,Maize,11.1,Sandy,843,50,46,26.3,5.7,Yes,7.41
F0003,Masaka,Central,Coffee,14.6,Clay,1512,26,499,21.3,45.0,Yes,9.93
F0004,Kabale,Western,Maize,14.5,Sandy,1847,43,52,26.7,51.5,No,10.67
F0005,Wakiso,Central,Coffee,15.7,Clay,1716,88,218,29.7,37.8,No,10.13
F0006,Soroti,Eastern,Beans,17.6,Loam,1199,30,294,22.5,40.1,No,7.43
F0007,Arua,Northern,Maize,3.4,Sandy,1556,41,387,23.1,74.7,No,9.69
F0008,Wakiso,Central,Banana,8.8,Loam,1417,83,296,30.0,6.4,Yes,14.92
F0009,Hoima,Western,Maize,2.0,Loam,2136,59,331,26.7,54.8,No,8.78
F0010,Iganga,Eastern,Banana,1.1,Clay,1645,65,86,27.2,40.0,Yes,12.03
F0011,Hoima,Western,Rice,10.2,Sandy,1716,30,85,24.7,44.4,Yes,8.27
F0012,Mbale,Eastern,Groundnuts,24.7,Clay,2098,68,490,21.5,7.6,Yes,13.63
F0013,Kampala,Central,Sorghum,20.9,Loam,1073,53,144,18.1,34.1,No,10.44
F0014,Mukono,Central,Coffee,11.7,Clay,2093,70,203,24.0,9.2,No,9.5
F0015,Jinja,Eastern,Sorghum,4.5,Sandy,1396,26,52,18.0,12.9,Yes,4.19
F0016,Kampala,Central,Maize,21.9,Clay,1957,68,76,27.5,76.5,No,12.13
F0017,Fort Portal,Western,Sorghum,24.8,Loam,1654,81,247,22.7,12.4,No,12.24
F0018,Fort Portal,Western,Beans,13.2,Loam,1120,87,185,20.2,43.9,Yes,7.13
F0019,Masaka,Central,Maize,17.6,Sandy,1234,86,187,31.6,29.1,Yes,11.89
F0020,Gulu,Northern,Rice,15.5,Loam,1099,50,418,24.0,64.5,Yes,12.66
F0021,Hoima,Western,Coffee,24.7,Sandy,1272,80,132,20.9,48.8,No,11.49
F0022,Gulu,Northern,Banana,2.5,Sandy,909,49,240,21.0,17.1,Yes,13.61
F0023,Gulu,Northern,Maize,20.9,Sandy,945,69,400,28.7,16.7,Yes,13.65
F0024,Gulu,Northern,Maize,20.1,Clay,2178,70,237,24.0,75.8,Yes,13.45
F0025,Kampala,Central,Beans,15.0,Sandy,1653,38,313,30.4,78.4,No,8.8
F0026,Mukono,Central,Coffee,0.8,Clay,2187,33,269,29.2,12.0,Yes,3.89
F0027,Kampala,Central,Cassava,5.7,Clay,1726,50,391,26.8,21.5,No,12.13
F0028,Iganga,Eastern,Banana,22.5,Sandy,2056,86,215,30.4,70.4,Yes,19.25
F0029,Kabale,Western,Coffee,21.9,Clay,1075,20,397,30.0,14.6,No,10.1
F0030,Kabale,Western,Coffee,8.5,Loam,1761,87,284,25.2,62.3,Yes,8.97
F0031,Kampala,Central,Maize,12.9,Sandy,1850,23,389,31.4,6.0,No,9.91
F0032,Arua,Northern,Rice,17.5,Loam,1626,85,273,30.1,41.1,Yes,12.77
F0033,Iganga,Eastern,Rice,21.1,Clay,980,73,62,23.9,26.0,Yes,13.12
F0034,Masaka,Central,Cassava,19.7,Clay,1016,66,73,21.8,11.8,No,16.28
F0035,Lira,Northern,Sorghum,4.5,Clay,2067,48,82,28.6,79.5,No,6.72
F0036,Gulu,Northern,Banana,2.8,Sandy,1449,22,173,26.3,35.8,Yes,12.96
F0037,Arua,Northern,Cassava,13.1,Loam,831,34,470,29.8,77.8,Yes,16.22
F0038,Kampala,Central,Beans,7.1,Sandy,965,74,434,31.7,65.7,No,7.58
F0039,Iganga,Eastern,Sorghum,17.7,Clay,883,55,29,30.0,15.5,Yes,10.14
F0040,Masaka,Central,Maize,20.1,Sandy,871,48,34,22.0,10.6,Yes,11.38
F0041,Lira,Northern,Cassava,15.7,Clay,788,87,363,21.6,9.6,Yes,17.13
F0042,Jinja,Eastern,Cassava,15.9,Clay,1787,46,148,24.7,54.1,No,14.82
F0043,Mbale,Eastern,Coffee,0.9,Sandy,1735,90,500,20.8,38.5,No,8.66
F0044,Lira,Northern,Sorghum,13.9,Sandy,1505,84,157,28.3,78.6,No,10.76
F0045,Hoima,Western,Beans,10.4,Clay,1411,26,428,19.9,6.6,No,7.1
F0046,Wakiso,Central,Groundnuts,21.8,Loam,2073,56,306,21.6,24.2,No,11.82
F0047,Mbarara,Western,Coffee,6.9,Clay,1373,90,165,21.7,77.3,No,8.15
F0048,Kampala,Central,Banana,9.8,Clay,1672,55,257,27.8,20.6,Yes,16.84
F0049,Mukono,Central,Groundnuts,14.9,Sandy,1506,22,153,22.6,19.4,Yes,7.07
F0050,Soroti,Eastern,Groundnuts,19.2,Sandy,2175,83,76,22.3,49.9,Yes,11.12
F0051,Iganga,Eastern,Groundnuts,18.5,Sandy,1735,37,465,25.9,40.8,Yes,9.4
F0052,Soroti,Eastern,Rice,2.6,Sandy,785,37,326,23.4,9.3,No,8.53
F0053,Kampala,Central,Rice,12.5,Clay,706,78,408,19.1,74.7,Yes,12.14
F0054,Hoima,Western,Sorghum,6.7,Loam,852,53,120,28.9,17.2,No,7.12
F0055,Wakiso,Central,Sorghum,22.8,Sandy,1288,25,315,27.5,16.7,Yes,11.9
F0056,Hoima,Western,Cassava,15.7,Sandy,973,21,246,18.9,22.2,Yes,13.6
F0057,Mbarara,Western,Cassava,17.9,Clay,1284,79,238,25.0,10.4,Yes,16.7
F0058,Iganga,Eastern,Sorghum,0.9,Clay,1639,29,419,25.6,79.6,No,6.88
F0059,Wakiso,Central,Maize,4.0,Sandy,1773,53,487,23.4,48.7,No,8.1
F0060,Gulu,Northern,Rice,12.7,Sandy,1695,70,12,20.4,76.0,No,10.77
F0061,Mukono,Central,Groundnuts,8.9,Clay,1347,35,430,23.0,26.6,No,6.73
F0062,Iganga,Eastern,Rice,18.0,Loam,1293,52,190,19.0,31.8,Yes,12.67
F0063,Soroti,Eastern,Cassava,21.4,Loam,1274,33,26,30.5,23.6,Yes,15.56
F0064,Lira,Northern,Banana,5.2,Sandy,1464,74,452,18.4,61.2,No,14.67
F0065,Kabale,Western,Rice,18.1,Sandy,801,72,230,27.2,11.9,No,13.02
F0066,Mukono,Central,Beans,12.1,Clay,1403,56,152,21.8,59.4,No,6.97
F0067,Mbale,Eastern,Sorghum,14.2,Loam,1507,35,85,27.6,6.9,No,8.2
F0068,Iganga,Eastern,Banana,24.9,Clay,1621,74,71,26.2,20.3,Yes,19.4
F0069,Gulu,Northern,Rice,9.5,Sandy,1866,45,454,18.3,69.8,No,11.53
F0070,Jinja,Eastern,Groundnuts,7.1,Clay,827,83,142,26.6,29.5,Yes,8.28
F0071,Lira,Northern,Groundnuts,16.3,Sandy,1584,59,434,30.2,77.5,Yes,11.62
F0072,Soroti,Eastern,Sorghum,24.2,Clay,1703,20,37,23.9,74.2,No,8.82
F0073,Soroti,Eastern,Maize,6.0,Clay,1011,86,497,28.2,75.4,No,11.88
F0074,Kampala,Central,Beans,6.2,Clay,776,58,492,19.9,20.9,No,6.36
F0075,Wakiso,Central,Maize,7.9,Loam,1893,44,198,21.9,63.4,Yes,10.03
F0076,Mbarara,Western,Cassava,24.0,Sandy,2020,51,243,25.9,44.2,Yes,15.61
F0077,Masaka,Central,Cassava,1.9,Loam,1097,83,453,28.1,34.2,No,14.13
F0078,Iganga,Eastern,Banana,6.1,Loam,769,63,367,24.3,54.9,Yes,16.91
F0079,Hoima,Western,Maize,5.5,Loam,1110,59,392,30.3,19.2,Yes,10.01
F0080,Wakiso,Central,Sorghum,15.4,Clay,1157,82,213,31.7,5.5,Yes,9.2
F0081,Jinja,Eastern,Coffee,24.4,Loam,990,73,26,28.6,15.5,No,9.36
F0082,Hoima,Western,Maize,24.9,Sandy,1039,62,97,20.8,74.9,No,14.16
F0083,Hoima,Western,Groundnuts,21.1,Clay,1379,76,86,19.6,7.2,Yes,10.55
F0084,Kabale,Western,Rice,9.8,Loam,1332,75,44,18.7,38.4,No,9.92
F0085,Jinja,Eastern,Banana,9.4,Clay,1671,23,323,24.2,65.1,No,16.42
F0086,Mbarara,Western,Maize,20.2,Loam,826,52,99,29.2,72.0,No,11.76
F0087,Arua,Northern,Coffee,6.9,Clay,2167,60,473,22.1,1.3,Yes,9.52
F0088,Wakiso,Central,Sorghum,18.0,Loam,1653,69,404,21.8,35.0,No,12.85
F0089,Mukono,Central,Coffee,20.2,Sandy,1321,39,310,21.5,69.0,No,10.49
F0090,Wakiso,Central,Rice,10.1,Loam,1027,51,208,19.0,3.7,No,11.36
F0091,Iganga,Eastern,Maize,24.7,Clay,1242,30,106,19.4,40.4,No,12.94
F0092,Lira,Northern,Sorghum,15.7,Loam,2080,50,382,26.1,62.1,Yes,9.75
F0093,Mbale,Eastern,Cassava,14.4,Clay,1463,52,377,21.9,35.7,Yes,16.05
F0094,Mbale,Eastern,Rice,8.5,Clay,1511,52,125,25.6,19.3,Yes,9.09
F0095,Wakiso,Central,Coffee,12.1,Clay,1173,77,468,23.6,70.3,Yes,10.93
F0096,Arua,Northern,Rice,23.3,Sandy,1462,85,443,20.7,48.6,Yes,16.85
F0097,Hoima,Western,Banana,5.8,Sandy,1455,63,72,18.7,80.0,Yes,13.59
F0098,Iganga,Eastern,Rice,20.5,Loam,1370,72,347,23.6,50.1,Yes,15.05
F0099,Kabale,Western,Sorghum,2.1,Loam,907,70,339,26.3,51.5,Yes,7.01
F0100,Hoima,Western,Cassava,10.5,Clay,1280,59,213,32.3,25.7,No,13.92
F0101,Fort Portal,Western,Banana,16.3,Clay,1500,71,104,32.1,35.3,Yes,17.1
F0102,Lira,Northern,Banana,11.8,Sandy,1032,36,7,18.8,12.3,No,15.62
F0103,Iganga,Eastern,Banana,18.6,Loam,1051,38,178,22.2,42.2,Yes,18.16
F0104,Soroti,Eastern,Rice,7.9,Sandy,789,81,161,18.8,74.2,No,11.55
F0105,Arua,Northern,Beans,16.2,Clay,1154,71,314,30.7,66.5,Yes,8.7
F0106,Lira,Northern,Beans,9.9,Sandy,952,39,126,32.6,65.4,Yes,6.96
F0107,Fort Portal,Western,Coffee,16.9,Loam,1363,35,199,27.0,44.5,No,8.15
F0108,Arua,Northern,Rice,10.9,Loam,2049,67,228,25.6,15.1,Yes,10.68
F0109,Mbarara,Western,Rice,11.4,Loam,1966,78,428,20.7,38.4,Yes,13.74
F0110,Lira,Northern,Banana,2.7,Sandy,1605,84,261,27.9,4.2,Yes,15.83
F0111,Gulu,Northern,Maize,1.8,Sandy,1732,68,334,32.3,11.8,Yes,6.83
F0112,Hoima,Western,Maize,5.2,Loam,1707,56,489,30.2,63.8,Yes,10.95
F0113,Arua,Northern,Cassava,4.4,Loam,1956,55,463,30.2,12.3,No,14.17
F0114,Arua,Northern,Rice,8.3,Loam,775,45,93,24.1,51.3,No,8.63
F0115,Mukono,Central,Cassava,3.3,Sandy,1786,26,325,30.9,77.3,No,11.43
F0116,Hoima,Western,Maize,6.7,Loam,1797,70,377,30.0,21.9,No,9.58
F0117,Gulu,Northern,Maize,11.3,Sandy,1061,26,151,30.3,21.0,No,8.03
F0118,Kampala,Central,Rice,4.2,Sandy,1961,75,213,25.7,71.7,Yes,9.52
F0119,Masaka,Central,Coffee,1.0,Loam,705,65,155,19.6,29.2,Yes,5.41
F0120,Arua,Northern,Beans,5.5,Loam,1977,80,81,20.0,75.0,Yes,4.66
F0121,Wakiso,Central,Maize,16.1,Sandy,2062,54,205,30.2,77.4,Yes,10.47
F0122,Iganga,Eastern,Banana,15.1,Clay,1884,76,308,32.1,58.9,Yes,18.72
F0123,Kampala,Central,Coffee,13.5,Sandy,1531,43,121,20.4,73.0,Yes,9.02
F0124,Masaka,Central,Rice,4.0,Clay,1108,86,311,27.6,52.2,No,9.26
F0125,Kabale,Western,Cassava,2.1,Loam,1981,26,455,28.9,38.8,Yes,12.32
F0126,Hoima,Western,Sorghum,2.5,Clay,2042,77,89,21.4,9.3,Yes,6.06
F0127,Gulu,Northern,Cassava,17.9,Clay,1244,90,347,24.5,63.3,No,17.57
F0128,Wakiso,Central,Coffee,4.7,Loam,1183,45,483,20.4,73.3,Yes,6.07
F0129,Arua,Northern,Rice,9.8,Loam,1991,88,240,25.1,42.9,Yes,10.28
F0130,Hoima,Western,Rice,14.5,Clay,1330,47,200,27.3,7.1,Yes,12.37
F0131,Wakiso,Central,Maize,15.7,Sandy,1031,64,500,20.1,3.3,Yes,13.61
F0132,Masaka,Central,Coffee,17.6,Sandy,795,28,438,26.9,29.7,Yes,8.65
F0133,Lira,Northern,Maize,6.5,Sandy,1116,34,17,18.5,68.0,Yes,6.08
F0134,Masaka,Central,Cassava,12.2,Loam,971,32,405,29.4,17.2,No,14.87
F0135,Kampala,Central,Banana,6.8,Sandy,1278,26,366,29.4,72.9,No,13.63
F0136,Hoima,Western,Coffee,19.8,Clay,763,75,265,29.6,28.4,Yes,10.54
F0137,Hoima,Western,Maize,14.6,Loam,1288,41,223,18.0,17.0,Yes,11.78
F0138,Wakiso,Central,Sorghum,17.5,Clay,1077,83,303,23.2,66.7,No,11.23
F0139,Mbale,Eastern,Rice,23.5,Sandy,1174,83,84,19.6,51.3,Yes,13.9
F0140,Kabale,Western,Maize,15.9,Sandy,1428,32,205,31.9,71.5,Yes,10.53
F0141,Kampala,Central,Banana,5.5,Clay,1239,74,461,26.2,14.5,Yes,14.7
F0142,Kabale,Western,Coffee,9.0,Loam,1369,86,79,31.0,36.6,No,8.29
F0143,Hoima,Western,Cassava,14.7,Sandy,958,62,236,27.6,56.0,Yes,15.6
F0144,Fort Portal,Western,Beans,18.2,Loam,1207,61,308,25.8,13.7,No,7.75
F0145,Hoima,Western,Maize,4.5,Loam,2047,33,100,23.8,78.7,No,6.25
F0146,Mbale,Eastern,Rice,3.2,Loam,918,55,105,31.3,37.6,Yes,8.5
F0147,Hoima,Western,Rice,12.8,Clay,1995,57,237,18.3,21.3,No,12.79
F0148,Iganga,Eastern,Groundnuts,17.7,Sandy,1903,73,433,21.4,58.1,Yes,10.38
F0149,Wakiso,Central,Sorghum,11.1,Loam,1232,32,458,24.3,62.8,Yes,10.11
F0150,Mbarara,Western,Sorghum,1.0,Loam,1538,86,345,27.9,70.0,No,6.79
F0151,Fort Portal,Western,Sorghum,22.8,Clay,917,24,128,26.2,13.7,Yes,10.38
F0152,Fort Portal,Western,Sorghum,13.8,Loam,2169,80,262,18.2,63.6,No,10.19
F0153,Hoima,Western,Sorghum,5.6,Loam,2101,43,200,25.7,74.7,No,6.56
F0154,Mbale,Eastern,Groundnuts,10.3,Clay,727,29,214,31.7,50.7,No,6.63
F0155,Jinja,Eastern,Cassava,18.7,Clay,1779,48,410,32.4,37.5,Yes,17.54
F0156,Soroti,Eastern,Rice,12.0,Loam,1851,48,417,32.5,28.9,No,11.88
F0157,Soroti,Eastern,Beans,19.6,Loam,1661,65,401,30.8,22.1,No,9.47
F0158,Masaka,Central,Beans,12.3,Sandy,2178,55,183,21.7,24.8,No,6.91
F0159,Masaka,Central,Maize,16.7,Loam,1442,39,475,22.5,31.4,Yes,11.04
F0160,Soroti,Eastern,Beans,13.5,Clay,1406,21,336,18.2,76.2,No,7.83
F0161,Arua,Northern,Beans,21.4,Clay,1080,77,177,29.8,17.5,No,8.78
F0162,Arua,Northern,Maize,16.9,Loam,1823,58,101,25.4,17.8,Yes,9.95
F0163,Masaka,Central,Maize,14.1,Clay,1241,73,119,30.4,38.4,Yes,10.49
F0164,Hoima,Western,Sorghum,6.5,Sandy,1037,89,306,30.9,1.5,No,8.98
F0165,Mbarara,Western,Cassava,21.1,Sandy,1467,74,214,33.0,54.4,Yes,16.28
F0166,Masaka,Central,Coffee,1.0,Clay,793,62,414,32.7,41.3,No,5.6
F0167,Kampala,Central,Rice,18.1,Sandy,1980,36,173,19.4,53.1,No,11.87
F0168,Kabale,Western,Rice,7.5,Loam,1400,74,128,26.3,66.3,No,10.3
F0169,Lira,Northern,Banana,12.8,Loam,1256,84,176,32.6,52.7,Yes,17.19
F0170,Hoima,Western,Cassava,3.6,Clay,2000,31,401,32.9,32.5,No,12.04
F0171,Lira,Northern,Cassava,3.2,Sandy,795,44,420,31.8,49.1,Yes,11.63
F0172,Arua,Northern,Groundnuts,15.6,Clay,1983,30,108,18.6,51.1,Yes,8.89
F0173,Fort Portal,Western,Coffee,10.8,Loam,906,21,188,31.1,12.0,No,6.48
F0174,Fort Portal,Western,Cassava,5.0,Sandy,770,60,10,24.5,51.7,Yes,11.31
F0175,Kampala,Central,Maize,19.5,Loam,1562,71,228,19.0,54.7,Yes,12.36
F0176,Kabale,Western,Maize,2.5,Sandy,1667,47,458,20.3,2.2,Yes,10.06
F0177,Wakiso,Central,Maize,5.8,Sandy,948,36,241,18.3,57.8,Yes,8.2
F0178,Mukono,Central,Coffee,9.5,Loam,2161,38,373,29.4,24.2,No,7.81
F0179,Iganga,Eastern,Coffee,18.1,Loam,723,27,7,31.2,55.2,Yes,8.07
F0180,Hoima,Western,Beans,24.0,Clay,1696,27,161,23.5,46.4,No,9.07
F0181,Mukono,Central,Maize,9.4,Sandy,2020,40,322,30.0,38.7,No,8.13
F0182,Gulu,Northern,Cassava,7.4,Loam,1973,62,445,27.1,78.2,Yes,13.82
F0183,Arua,Northern,Groundnuts,24.4,Loam,1204,68,198,28.3,48.5,Yes,10.37
F0184,Hoima,Western,Coffee,8.4,Clay,1248,74,80,26.8,65.5,Yes,7.48
F0185,Soroti,Eastern,Beans,7.2,Clay,1821,83,177,26.0,43.7,No,5.37
F0186,Soroti,Eastern,Rice,8.1,Loam,817,70,238,28.6,74.2,Yes,9.59
F0187,Kabale,Western,Maize,13.6,Sandy,1427,28,119,24.0,42.2,No,8.04
F0188,Gulu,Northern,Sorghum,12.9,Sandy,1113,44,108,20.9,15.3,No,8.78
F0189,Gulu,Northern,Groundnuts,19.6,Loam,1005,51,22,31.8,40.0,Yes,9.17
F0190,Soroti,Eastern,Maize,4.3,Sandy,1923,23,176,22.2,49.0,Yes,8.43
F0191,Mbarara,Western,Rice,6.9,Clay,1273,74,49,32.2,61.6,Yes,10.06
F0192,Gulu,Northern,Rice,24.9,Clay,1474,30,14,18.8,45.0,No,12.58
F0193,Fort Portal,Western,Groundnuts,23.1,Sandy,2146,31,131,22.8,19.4,Yes,8.34
F0194,Kabale,Western,Groundnuts,5.0,Loam,1027,67,494,21.5,57.9,Yes,9.28
F0195,Gulu,Northern,Coffee,22.6,Clay,756,26,132,29.8,57.1,No,10.79
F0196,Gulu,Northern,Coffee,23.5,Loam,2086,58,301,26.9,60.9,Yes,11.42
F0197,Mbale,Eastern,Groundnuts,3.5,Clay,1685,68,86,24.6,64.8,Yes,5.6
F0198,Soroti,Eastern,Coffee,4.3,Clay,1151,29,478,27.3,30.5,Yes,5.86
F0199,Iganga,Eastern,Groundnuts,21.1,Sandy,1986,29,231,32.6,26.5,Yes,9.72
F0200,Gulu,Northern,Beans,8.6,Loam,816,43,365,24.8,71.3,No,5.44
F0201,Lira,Northern,Groundnuts,6.5,Clay,752,54,292,30.6,27.4,Yes,7.65
F0202,Gulu,Northern,Sorghum,22.6,Loam,933,39,262,18.9,71.7,Yes,11.26
F0203,Wakiso,Central,Cassava,19.0,Loam,1446,75,133,33.0,74.1,Yes,16.12
F0204,Iganga,Eastern,Beans,1.9,Loam,2187,57,73,32.7,2.3,No,3.73
F0205,Kampala,Central,Cassava,5.1,Clay,1591,25,466,24.1,22.9,Yes,13.82
F0206,Kabale,Western,Rice,17.9,Clay,1102,30,424,19.3,49.1,No,12.06
F0207,Jinja,Eastern,Beans,15.5,Clay,2149,44,298,22.6,1.8,No,6.94
F0208,Kabale,Western,Banana,8.7,Sandy,2009,83,46,18.2,72.9,No,16.08
F0209,Mbale,Eastern,Rice,5.1,Loam,1451,24,83,28.5,46.4,Yes,8.22
F0210,Kabale,Western,Maize,3.5,Clay,2163,51,418,30.5,73.1,No,8.51
F0211,Mbale,Eastern,Maize,23.9,Clay,1713,77,262,18.4,64.6,Yes,15.15
F0212,Jinja,Eastern,Beans,4.6,Sandy,1338,52,284,30.3,3.4,Yes,4.09
F0213,Jinja,Eastern,Cassava,0.9,Sandy,1927,79,267,21.6,36.1,No,10.93
F0214,Mukono,Central,Coffee,7.2,Clay,1652,83,299,25.5,23.1,Yes,9.01
F0215,Kabale,Western,Rice,21.6,Loam,1001,79,382,23.9,75.9,Yes,13.47
F0216,Hoima,Western,Groundnuts,15.1,Clay,1934,87,18,23.9,75.4,No,9.02
F0217,Fort Portal,Western,Banana,18.0,Sandy,1855,61,417,24.0,45.3,No,18.56
F0218,Iganga,Eastern,Banana,6.6,Sandy,1564,21,186,19.6,15.8,No,13.81
F0219,Masaka,Central,Coffee,6.0,Clay,1561,70,397,33.0,36.8,Yes,6.81
F0220,Kampala,Central,Cassava,23.0,Sandy,1976,54,321,26.1,74.0,Yes,17.95
F0221,Kampala,Central,Groundnuts,6.3,Sandy,780,56,57,22.6,52.2,Yes,7.08
F0222,Iganga,Eastern,Cassava,2.6,Loam,1908,88,477,20.2,10.8,Yes,12.58
F0223,Arua,Northern,Cassava,7.2,Clay,879,89,147,30.6,49.2,Yes,12.81
F0224,Kabale,Western,Banana,11.8,Clay,1822,58,313,25.2,65.7,Yes,17.24
F0225,Jinja,Eastern,Groundnuts,24.3,Loam,1511,21,473,23.3,69.1,Yes,11.99
F0226,Mbarara,Western,Cassava,7.5,Loam,1142,57,29,29.6,13.5,Yes,11.63
F0227,Mbarara,Western,Coffee,13.2,Sandy,1600,65,376,29.4,42.2,Yes,9.55
F0228,Gulu,Northern,Beans,17.0,Sandy,1962,55,420,30.6,8.5,No,9.92
F0229,Hoima,Western,Beans,10.6,Sandy,911,20,210,29.5,47.3,No,6.01
F0230,Mukono,Central,Groundnuts,21.3,Loam,1272,34,194,30.8,55.7,No,8.98
F0231,Gulu,Northern,Groundnuts,13.4,Loam,1919,69,331,22.8,63.2,No,9.59
F0232,Mukono,Central,Cassava,20.2,Sandy,1592,68,297,21.5,65.9,No,17.26
F0233,Fort Portal,Western,Rice,24.0,Loam,1118,74,456,31.7,1.8,Yes,16.36
F0234,Mbale,Eastern,Cassava,13.7,Clay,1595,86,422,25.8,55.1,No,16.29
F0235,Arua,Northern,Banana,11.6,Sandy,721,28,268,21.4,33.4,No,14.99
F0236,Mukono,Central,Rice,24.1,Sandy,1696,71,225,29.5,72.0,No,13.85
F0237,Fort Portal,Western,Maize,4.7,Loam,1351,66,500,19.1,25.5,Yes,10.99
F0238,Hoima,Western,Banana,20.6,Clay,1742,73,323,20.3,23.9,Yes,19.08
F0239,Lira,Northern,Beans,2.0,Clay,1857,33,180,26.5,50.9,Yes,3.15
F0240,Soroti,Eastern,Coffee,8.0,Sandy,2114,90,2,31.8,32.4,Yes,6.5
F0241,Kampala,Central,Rice,4.8,Loam,1833,54,446,27.7,43.0,Yes,10.06
F0242,Arua,Northern,Maize,4.1,Sandy,1761,85,54,18.4,7.0,No,6.95
F0243,Lira,Northern,Coffee,16.4,Sandy,2101,61,73,28.7,29.0,Yes,9.89
F0244,Wakiso,Central,Maize,9.0,Sandy,1621,69,10,18.8,71.4,Yes,8.71
F0245,Jinja,Eastern,Rice,6.0,Sandy,1026,42,161,18.1,69.5,No,9.44
F0246,Mbale,Eastern,Sorghum,24.5,Loam,838,51,346,23.8,57.8,Yes,12.89
F0247,Iganga,Eastern,Sorghum,1.0,Loam,1198,31,88,20.5,30.9,Yes,3.55
F0248,Lira,Northern,Banana,3.3,Loam,1793,69,171,24.0,6.2,Yes,14.14
F0249,Kabale,Western,Rice,10.0,Clay,1656,56,176,21.6,3.8,Yes,10.76
F0250,Jinja,Eastern,Beans,2.8,Clay,1252,89,427,29.8,44.8,No,5.55
F0251,Mukono,Central,Banana,9.1,Sandy,2179,71,192,27.4,46.9,No,14.16
F0252,Jinja,Eastern,Rice,21.5,Loam,2083,36,482,28.6,21.6,No,13.92
F0253,Kabale,Western,Rice,10.4,Loam,1744,47,64,31.1,10.7,Yes,9.47
F0254,Hoima,Western,Groundnuts,1.2,Clay,2170,38,159,18.2,57.1,Yes,3.72
F0255,Gulu,Northern,Rice,16.7,Sandy,923,28,287,31.7,64.6,No,12.73
F0256,Mbale,Eastern,Maize,6.0,Sandy,958,71,144,23.3,67.7,No,7.67
F0257,Fort Portal,Western,Beans,23.5,Clay,1061,23,187,28.2,53.4,No,7.69
F0258,Masaka,Central,Sorghum,6.6,Sandy,1520,65,463,27.4,15.4,Yes,9.78
F0259,Hoima,Western,Rice,18.0,Sandy,782,71,20,27.1,35.0,No,12.91
F0260,Kampala,Central,Cassava,15.9,Sandy,1067,49,291,25.5,42.1,No,14.64
F0261,Gulu,Northern,Coffee,3.2,Sandy,2042,56,461,18.6,68.5,Yes,5.58
F0262,Wakiso,Central,Coffee,19.9,Sandy,1130,64,383,31.7,34.0,No,9.5
F0263,Fort Portal,Western,Rice,7.4,Sandy,884,64,484,32.2,36.0,No,10.8
F0264,Hoima,Western,Sorghum,13.0,Clay,2085,46,219,28.1,67.9,Yes,9.03
F0265,Kampala,Central,Cassava,4.8,Loam,1035,50,278,21.9,77.1,Yes,12.77
F0266,Wakiso,Central,Rice,16.1,Clay,980,37,351,28.6,54.0,Yes,11.59
F0267,Kabale,Western,Sorghum,3.8,Clay,2012,64,357,22.5,70.9,Yes,7.57
F0268,Gulu,Northern,Maize,13.9,Clay,1046,39,306,32.7,67.3,No,9.49
F0269,Hoima,Western,Cassava,0.8,Loam,1696,46,22,18.9,23.2,Yes,11.13
F0270,Mbarara,Western,Maize,4.5,Loam,1611,79,291,23.4,14.3,Yes,10.42
F0271,Soroti,Eastern,Sorghum,2.6,Loam,2168,62,378,26.5,9.6,No,6.22
F0272,Jinja,Eastern,Banana,0.7,Clay,886,56,321,27.2,58.7,No,13.22
F0273,Mukono,Central,Coffee,1.1,Sandy,1509,38,151,23.5,77.0,Yes,5.67
F0274,Fort Portal,Western,Cassava,18.7,Sandy,1369,68,94,27.7,29.1,Yes,15.74
F0275,Iganga,Eastern,Banana,21.0,Clay,1219,50,29,18.6,45.8,No,15.93
F0276,Mbarara,Western,Groundnuts,12.7,Loam,1022,58,308,26.7,7.3,Yes,9.67
F0277,Masaka,Central,Groundnuts,2.7,Sandy,781,76,245,20.9,58.1,Yes,7.7
F0278,Fort Portal,Western,Groundnuts,4.0,Sandy,847,27,263,28.7,71.4,Yes,5.67
F0279,Fort Portal,Western,Beans,22.6,Loam,1036,68,151,18.1,64.5,No,9.4
F0280,Wakiso,Central,Banana,13.2,Sandy,1577,88,465,27.4,13.2,No,16.94
F0281,Wakiso,Central,Coffee,18.2,Clay,1378,58,289,26.6,76.3,No,9.48
F0282,Mbale,Eastern,Banana,13.5,Clay,1997,23,434,20.8,54.6,No,16.05
F0283,Masaka,Central,Banana,14.1,Clay,1552,66,271,21.6,35.9,No,18.19
F0284,Iganga,Eastern,Rice,13.9,Loam,929,48,441,30.6,52.3,Yes,12.29
F0285,Hoima,Western,Sorghum,6.1,Sandy,1638,48,277,26.6,9.9,Yes,6.56
F0286,Wakiso,Central,Sorghum,3.8,Sandy,1730,90,259,28.7,60.8,Yes,7.62
F0287,Kabale,Western,Maize,11.8,Clay,2104,70,278,20.6,76.8,No,9.77
F0288,Gulu,Northern,Coffee,10.4,Clay,796,67,21,18.2,48.0,Yes,7.0
F0289,Hoima,Western,Beans,10.9,Sandy,879,45,288,19.7,58.5,No,7.79
F0290,Fort Portal,Western,Banana,20.2,Clay,2093,21,422,21.8,19.9,No,17.52
F0291,Fort Portal,Western,Banana,2.9,Clay,1824,61,411,27.0,3.7,Yes,15.54
F0292,Hoima,Western,Sorghum,1.0,Clay,1890,76,58,29.9,39.6,Yes,5.04
F0293,Mukono,Central,Cassava,21.9,Clay,2071,68,428,20.2,70.2,No,16.47
F0294,Kampala,Central,Banana,24.9,Sandy,1697,84,247,31.1,64.2,Yes,21.34
F0295,Fort Portal,Western,Groundnuts,21.2,Sandy,1024,77,201,21.4,76.7,Yes,11.15
F0296,Jinja,Eastern,Cassava,22.4,Loam,1906,25,108,20.5,29.5,No,15.77
F0297,Lira,Northern,Banana,8.2,Sandy,1387,81,170,21.4,20.7,Yes,15.03
F0298,Masaka,Central,Beans,7.2,Clay,1259,28,256,32.9,29.2,Yes,3.8
F0299,Iganga,Eastern,Maize,21.9,Clay,1572,32,185,29.9,63.7,Yes,10.58
F0300,Masaka,Central,Maize,7.9,Sandy,1399,66,260,30.8,20.4,No,9.92
F0301,Gulu,Northern,Banana,22.1,Clay,1686,84,188,31.4,64.9,No,20.11
F0302,Kampala,Central,Sorghum,10.4,Loam,1511,58,475,20.5,6.2,No,9.27
F0303,Hoima,Western,Banana,2.3,Sandy,1089,30,299,20.7,46.9,No,13.75
F0304,Lira,Northern,Maize,21.0,Clay,1353,42,141,31.5,44.2,Yes,11.13
F0305,Hoima,Western,Coffee,5.8,Sandy,1518,77,102,31.4,23.3,Yes,7.29
F0306,Kampala,Central,Beans,15.2,Loam,862,29,414,30.2,46.5,Yes,9.58
F0307,Kabale,Western,Coffee,16.2,Sandy,756,47,164,22.9,60.2,No,8.83
F0308,Soroti,Eastern,Banana,4.8,Loam,1548,25,44,27.4,27.4,No,11.08
F0309,Mbale,Eastern,Sorghum,21.9,Sandy,752,60,288,27.8,25.8,No,11.57
F0310,Fort Portal,Western,Banana,4.3,Loam,738,39,107,20.1,61.6,Yes,13.51
F0311,Lira,Northern,Banana,13.7,Loam,1905,39,336,32.7,46.4,Yes,15.86
F0312,Fort Portal,Western,Sorghum,19.2,Loam,2025,59,333,29.6,78.2,No,11.26
F0313,Kabale,Western,Cassava,3.7,Sandy,718,80,51,27.8,62.2,No,12.73
F0314,Jinja,Eastern,Groundnuts,19.0,Clay,884,23,319,20.0,5.8,Yes,9.25
F0315,Mbale,Eastern,Banana,18.6,Loam,1063,40,270,18.4,62.5,Yes,17.68
F0316,Jinja,Eastern,Banana,22.6,Clay,1496,78,108,22.9,72.4,Yes,18.16
F0317,Wakiso,Central,Groundnuts,17.0,Sandy,1418,27,116,26.5,33.4,No,6.67
F0318,Fort Portal,Western,Rice,1.3,Loam,742,53,363,24.5,19.3,Yes,9.49
F0319,Masaka,Central,Cassava,7.8,Clay,1721,47,291,29.9,38.7,No,11.72
F0320,Fort Portal,Western,Cassava,7.4,Sandy,1378,20,248,31.1,20.7,No,11.54
F0321,Mbarara,Western,Rice,14.7,Clay,1129,66,23,29.7,69.2,Yes,11.14
F0322,Iganga,Eastern,Cassava,17.3,Sandy,928,39,498,31.7,11.5,No,17.34
F0323,Gulu,Northern,Maize,18.9,Clay,1651,70,46,24.2,51.7,No,10.06
F0324,Arua,Northern,Rice,5.4,Sandy,1984,21,19,20.0,48.0,No,6.87
F0325,Kampala,Central,Coffee,24.8,Clay,1348,28,449,19.7,76.6,Yes,11.57
F0326,Mukono,Central,Rice,17.3,Clay,1002,89,256,32.9,42.9,No,11.96
F0327,Gulu,Northern,Rice,21.4,Clay,1158,29,139,28.6,2.2,No,13.56
F0328,Jinja,Eastern,Coffee,10.5,Sandy,1839,66,136,18.2,55.4,No,7.32
F0329,Gulu,Northern,Groundnuts,24.6,Loam,2169,54,204,24.3,43.7,No,9.6
F0330,Soroti,Eastern,Groundnuts,22.1,Sandy,992,20,122,27.1,74.2,No,8.55
F0331,Lira,Northern,Rice,20.7,Sandy,2058,34,44,30.6,62.9,Yes,12.03
F0332,Gulu,Northern,Sorghum,13.9,Sandy,1346,78,497,26.7,38.4,No,11.38
F0333,Kabale,Western,Groundnuts,6.2,Sandy,1989,68,181,28.7,32.1,No,6.32
F0334,Fort Portal,Western,Banana,2.3,Loam,1812,48,473,27.2,21.9,No,13.57
F0335,Kabale,Western,Sorghum,14.5,Loam,990,28,474,29.4,29.8,Yes,10.11
F0336,Jinja,Eastern,Beans,4.2,Loam,2055,78,90,27.6,66.4,Yes,5.48
F0337,Fort Portal,Western,Groundnuts,3.5,Clay,1015,52,192,19.5,29.2,No,5.78
F0338,Mbale,Eastern,Groundnuts,7.6,Clay,1613,34,230,27.5,58.7,Yes,5.62
F0339,Kampala,Central,Beans,9.5,Sandy,1766,50,318,23.6,27.9,No,7.46
F0340,Jinja,Eastern,Coffee,14.5,Loam,818,42,156,28.8,22.7,No,8.69
F0341,Fort Portal,Western,Sorghum,2.7,Loam,2002,83,439,19.3,11.1,No,8.09
F0342,Iganga,Eastern,Coffee,18.1,Sandy,1469,66,21,28.7,24.3,No,8.99
F0343,Soroti,Eastern,Cassava,9.1,Clay,1489,36,473,27.3,78.2,No,15.35
F0344,Gulu,Northern,Maize,2.5,Sandy,1612,68,201,25.9,40.2,Yes,9.01
F0345,Mbarara,Western,Sorghum,17.7,Sandy,1593,73,242,20.6,6.1,No,10.99
F0346,Soroti,Eastern,Coffee,16.9,Loam,1110,71,277,18.6,54.7,No,9.08
F0347,Wakiso,Central,Maize,5.9,Clay,857,21,52,25.5,68.0,Yes,6.57
F0348,Fort Portal,Western,Rice,17.9,Clay,1688,27,281,28.4,34.0,Yes,10.56
F0349,Fort Portal,Western,Beans,8.4,Loam,1089,86,3,20.8,43.6,No,7.01
F0350,Mbale,Eastern,Cassava,14.1,Sandy,1746,73,348,18.8,25.1,No,14.68
F0351,Mbale,Eastern,Cassava,5.4,Clay,806,46,274,27.8,74.7,No,11.74
F0352,Gulu,Northern,Banana,5.4,Loam,2147,26,373,22.7,43.1,No,13.01
F0353,Kampala,Central,Cassava,5.9,Sandy,1599,57,102,28.7,64.4,No,12.19
F0354,Mbarara,Western,Rice,22.0,Clay,818,43,222,30.9,10.8,Yes,12.1
F0355,Fort Portal,Western,Sorghum,4.9,Sandy,2177,41,255,21.3,57.9,No,6.12
F0356,Fort Portal,Western,Beans,4.1,Loam,2164,46,264,19.5,8.5,Yes,3.64
F0357,Jinja,Eastern,Cassava,17.8,Loam,1606,74,79,31.0,74.0,Yes,16.57
F0358,Mbale,Eastern,Rice,21.9,Sandy,1352,39,158,31.7,26.6,Yes,13.78
F0359,Jinja,Eastern,Groundnuts,24.4,Clay,1370,68,79,27.6,18.6,Yes,11.6
F0360,Hoima,Western,Beans,11.0,Sandy,2090,71,58,18.6,28.8,Yes,4.83
F0361,Kabale,Western,Maize,7.6,Loam,1412,22,384,29.7,71.3,Yes,9.77
F0362,Fort Portal,Western,Cassava,15.1,Loam,1807,31,103,20.1,22.4,Yes,13.33
F0363,Kampala,Central,Maize,24.2,Loam,1405,44,483,20.3,24.7,Yes,14.57
F0364,Mbarara,Western,Rice,8.6,Loam,1445,42,56,29.8,24.6,Yes,8.31
F0365,Wakiso,Central,Maize,19.8,Sandy,1919,70,236,18.5,4.1,Yes,12.64
F0366,Mukono,Central,Groundnuts,14.7,Clay,1422,29,191,28.9,59.0,No,8.85
F0367,Gulu,Northern,Coffee,21.1,Loam,1683,58,76,21.9,9.4,Yes,10.75
F0368,Mbale,Eastern,Maize,8.4,Loam,1203,40,291,26.0,41.0,No,7.71
F0369,Lira,Northern,Rice,24.7,Loam,1191,88,256,21.6,8.5,Yes,13.83
F0370,Soroti,Eastern,Rice,17.4,Sandy,1169,31,384,20.6,67.4,Yes,12.77
F0371,Kabale,Western,Maize,7.7,Clay,947,30,339,26.7,19.5,Yes,7.91
F0372,Arua,Northern,Banana,24.6,Loam,784,47,316,29.6,14.8,No,19.88
F0373,Arua,Northern,Beans,0.8,Loam,1543,72,16,19.3,20.3,Yes,4.63
F0374,Soroti,Eastern,Beans,5.5,Sandy,1149,62,362,32.6,79.8,No,7.62
F0375,Soroti,Eastern,Banana,22.7,Clay,1935,28,101,31.0,5.0,No,16.52
F0376,Masaka,Central,Banana,14.8,Sandy,1708,83,69,21.9,55.8,No,15.41
F0377,Mbarara,Western,Beans,11.2,Loam,2010,85,153,29.2,47.9,Yes,8.49
F0378,Soroti,Eastern,Rice,6.4,Loam,1903,78,287,21.5,39.9,Yes,10.81
F0379,Soroti,Eastern,Banana,20.7,Loam,1531,31,116,27.8,67.1,No,16.54
F0380,Soroti,Eastern,Cassava,0.6,Loam,1701,22,486,19.7,65.2,No,11.9
F0381,Mbarara,Western,Beans,8.7,Clay,1137,30,181,23.9,37.8,Yes,5.95
F0382,Mbale,Eastern,Beans,17.7,Clay,1605,72,338,26.1,20.1,Yes,8.87
F0383,Lira,Northern,Beans,10.0,Loam,1381,39,185,20.5,28.8,No,6.47
F0384,Iganga,Eastern,Rice,21.5,Loam,1032,70,269,18.1,68.4,Yes,12.63
F0385,Arua,Northern,Cassava,18.5,Loam,2084,32,282,29.0,60.5,No,16.43
F0386,Masaka,Central,Groundnuts,2.4,Sandy,1977,62,227,22.0,24.4,No,5.3
F0387,Masaka,Central,Groundnuts,23.5,Sandy,2085,27,464,27.8,40.0,Yes,12.7
F0388,Wakiso,Central,Groundnuts,11.5,Clay,1749,39,373,27.1,37.3,No,8.27
F0389,Iganga,Eastern,Cassava,4.0,Clay,1903,85,23,33.0,14.7,No,11.36
F0390,Mbale,Eastern,Coffee,10.8,Sandy,1534,30,412,32.3,51.5,No,6.62
F0391,Gulu,Northern,Cassava,8.4,Clay,1877,83,422,18.7,43.1,Yes,15.68
F0392,Mukono,Central,Cassava,18.6,Loam,1049,59,464,18.8,24.5,No,16.11
F0393,Hoima,Western,Beans,7.2,Loam,1672,45,317,22.8,35.6,Yes,5.47
F0394,Lira,Northern,Banana,9.9,Loam,1667,54,57,21.1,72.8,No,14.61
F0395,Masaka,Central,Beans,19.6,Loam,1344,25,77,22.2,43.3,No,6.65
F0396,Lira,Northern,Banana,18.1,Clay,1510,87,415,22.3,50.8,No,19.43
F0397,Kampala,Central,Cassava,9.2,Sandy,1436,53,124,31.3,70.2,Yes,11.98
F0398,Fort Portal,Western,Groundnuts,20.9,Loam,2157,34,476,22.6,51.9,Yes,10.13
F0399,Fort Portal,Western,Banana,10.3,Sandy,1723,63,179,31.0,57.3,Yes,15.45
F0400,Lira,Northern,Cassava,3.8,Loam,1393,28,473,24.2,40.7,Yes,12.28
F0401,Jinja,Eastern,Cassava,19.7,Loam,2091,36,77,21.3,68.1,Yes,14.71
F0402,Iganga,Eastern,Coffee,18.7,Loam,2028,68,449,22.3,52.1,No,10.78
F0403,Hoima,Western,Maize,19.4,Sandy,1938,85,139,27.1,72.4,No,13.39
F0404,Arua,Northern,Maize,9.3,Sandy,2132,86,36,19.8,76.4,Yes,10.64
F0405,Soroti,Eastern,Beans,11.4,Loam,1730,27,500,24.7,44.8,Yes,8.91
F0406,Wakiso,Central,Sorghum,6.0,Clay,1989,63,493,23.0,45.9,Yes,8.87
F0407,Mbale,Eastern,Coffee,6.0,Loam,1054,23,415,25.6,34.5,Yes,5.29
F0408,Hoima,Western,Maize,14.8,Sandy,1519,69,262,32.3,33.3,Yes,10.32
F0409,Gulu,Northern,Cassava,2.2,Sandy,1678,37,220,24.8,54.9,No,12.0
F0410,Jinja,Eastern,Maize,10.4,Sandy,1278,44,39,29.0,41.8,No,7.56
F0411,Hoima,Western,Rice,19.4,Clay,1112,57,382,29.8,2.8,Yes,15.0
F0412,Lira,Northern,Coffee,21.0,Loam,2013,88,135,26.4,50.6,No,9.15
F0413,Wakiso,Central,Coffee,18.6,Loam,2115,65,215,31.5,64.6,No,9.03
F0414,Wakiso,Central,Beans,9.4,Clay,1665,82,42,31.7,63.8,No,4.92
F0415,Fort Portal,Western,Maize,13.4,Clay,1214,85,199,21.1,20.9,Yes,9.66
F0416,Hoima,Western,Cassava,23.7,Clay,1762,75,396,29.0,31.3,No,19.38
F0417,Wakiso,Central,Rice,18.3,Clay,1788,68,14,18.1,66.6,Yes,11.95
F0418,Jinja,Eastern,Maize,21.5,Loam,1393,79,248,29.5,72.4,Yes,13.86
F0419,Lira,Northern,Maize,2.9,Sandy,958,45,225,24.8,47.3,No,6.69
F0420,Hoima,Western,Coffee,21.6,Loam,1046,71,333,28.1,57.4,Yes,10.69
F0421,Hoima,Western,Sorghum,15.3,Sandy,942,83,306,23.7,56.3,Yes,12.42
F0422,Soroti,Eastern,Rice,16.0,Clay,2026,24,124,19.4,78.1,Yes,12.11
F0423,Lira,Northern,Rice,23.6,Clay,1149,25,476,26.3,46.7,No,15.12
F0424,Mbarara,Western,Coffee,12.2,Loam,912,32,95,20.1,42.8,No,8.01
F0425,Iganga,Eastern,Coffee,2.3,Sandy,760,30,257,26.4,49.4,Yes,4.49
F0426,Kabale,Western,Cassava,11.7,Sandy,2073,20,286,29.2,2.9,No,14.23
F0427,Masaka,Central,Rice,17.0,Clay,926,31,279,25.8,54.5,Yes,11.23
F0428,Wakiso,Central,Banana,7.2,Clay,1333,57,75,25.4,46.5,No,13.29
F0429,Wakiso,Central,Maize,1.6,Sandy,2098,47,266,23.8,78.7,Yes,6.16
F0430,Soroti,Eastern,Maize,22.9,Clay,820,23,343,28.2,68.1,No,11.61
F0431,Mukono,Central,Cassava,11.3,Clay,2146,37,129,29.8,67.9,Yes,13.42
F0432,Mukono,Central,Sorghum,4.5,Clay,2039,80,390,27.3,60.5,No,9.25
F0433,Kampala,Central,Groundnuts,13.7,Clay,1397,49,278,31.3,73.8,No,10.03
F0434,Iganga,Eastern,Banana,20.0,Loam,1789,40,53,18.5,68.3,No,16.38
F0435,Wakiso,Central,Maize,24.2,Loam,1029,47,271,18.8,53.4,Yes,11.77
F0436,Iganga,Eastern,Maize,16.4,Clay,1146,56,386,31.6,2.1,No,12.14
F0437,Mukono,Central,Sorghum,15.5,Clay,1040,56,385,23.9,28.0,Yes,11.92
F0438,Masaka,Central,Cassava,15.6,Clay,2043,38,335,19.0,6.4,No,15.61
F0439,Hoima,Western,Maize,13.6,Sandy,850,66,38,20.1,9.9,No,9.29
F0440,Hoima,Western,Cassava,23.1,Clay,1621,42,460,19.5,25.0,No,17.03
F0441,Mbarara,Western,Maize,21.6,Clay,1643,63,165,30.5,3.4,Yes,13.48
F0442,Soroti,Eastern,Banana,16.9,Sandy,1268,21,432,20.8,72.5,Yes,16.56
F0443,Arua,Northern,Cassava,16.7,Sandy,1069,25,73,25.2,67.1,Yes,14.02
F0444,Wakiso,Central,Rice,2.0,Sandy,1305,21,137,30.8,11.3,No,7.62
F0445,Mukono,Central,Beans,9.5,Clay,1215,67,187,20.5,53.4,Yes,5.26
F0446,Mbale,Eastern,Groundnuts,23.3,Clay,761,48,332,20.9,18.3,No,10.13
F0447,Masaka,Central,Sorghum,6.9,Loam,715,26,50,28.0,67.1,Yes,6.78
F0448,Mbarara,Western,Sorghum,3.3,Loam,1641,82,47,24.1,39.3,Yes,5.38
F0449,Mbarara,Western,Coffee,3.4,Clay,839,54,184,24.7,19.9,No,5.46
F0450,Kabale,Western,Rice,12.4,Clay,1142,68,56,18.9,35.1,Yes,11.36
F0451,Kabale,Western,Banana,5.7,Loam,870,81,135,25.0,75.7,Yes,15.9
F0452,Masaka,Central,Banana,2.9,Sandy,1274,66,34,19.8,78.8,No,13.77
F0453,Kampala,Central,Coffee,16.3,Clay,2106,24,275,27.7,62.0,Yes,8.1
F0454,Lira,Northern,Banana,18.6,Clay,1453,43,358,21.4,48.2,Yes,18.17
F0455,Mbale,Eastern,Sorghum,24.4,Sandy,1092,58,383,22.7,16.7,Yes,13.26
F0456,Mukono,Central,Coffee,9.3,Clay,1691,49,33,25.2,41.4,No,5.7
F0457,Arua,Northern,Rice,5.2,Loam,1663,45,158,33.0,37.1,Yes,7.29
F0458,Kampala,Central,Groundnuts,4.8,Loam,1545,22,291,23.6,13.8,Yes,6.74
F0459,Arua,Northern,Sorghum,12.1,Clay,1822,69,70,21.9,45.4,No,7.22
F0460,Iganga,Eastern,Beans,25.0,Sandy,977,61,453,29.3,14.3,No,12.54
F0461,Fort Portal,Western,Sorghum,19.9,Loam,1218,48,440,20.3,59.8,No,13.09
F0462,Iganga,Eastern,Maize,24.2,Sandy,1293,29,147,29.3,14.8,Yes,12.25
F0463,Lira,Northern,Cassava,20.3,Sandy,2038,85,298,19.7,20.3,No,15.99
F0464,Jinja,Eastern,Groundnuts,2.4,Sandy,1218,68,92,30.9,76.6,Yes,5.52
F0465,Mbale,Eastern,Maize,17.7,Loam,816,80,108,28.1,64.2,Yes,11.63
F0466,Masaka,Central,Beans,11.9,Loam,1364,49,500,24.5,76.7,Yes,8.07
F0467,Mukono,Central,Rice,9.6,Sandy,2150,66,194,28.0,61.6,Yes,9.03
F0468,Jinja,Eastern,Cassava,3.3,Loam,1744,37,452,24.1,34.2,Yes,12.6
F0469,Gulu,Northern,Banana,9.0,Clay,1595,60,89,30.2,55.8,Yes,15.01
F0470,Masaka,Central,Cassava,21.0,Loam,2014,46,324,21.7,47.8,Yes,16.91
F0471,Masaka,Central,Cassava,4.5,Clay,832,78,435,28.0,61.6,Yes,14.66
F0472,Arua,Northern,Groundnuts,18.3,Clay,1257,23,35,30.0,67.1,Yes,7.24
F0473,Mukono,Central,Rice,4.8,Clay,2156,50,9,18.4,7.5,Yes,6.59
F0474,Mbarara,Western,Banana,2.3,Clay,1414,60,149,24.3,38.8,No,13.82
F0475,Mbale,Eastern,Beans,7.0,Loam,829,26,356,32.6,11.4,No,6.15
F0476,Mukono,Central,Rice,15.3,Clay,1847,26,384,20.3,55.7,No,12.51
F0477,Jinja,Eastern,Cassava,20.0,Clay,1667,32,33,26.8,16.1,No,13.55
F0478,Arua,Northern,Maize,20.7,Sandy,1666,75,70,18.2,74.8,Yes,13.08
F0479,Mbarara,Western,Rice,18.9,Clay,1726,74,267,26.0,58.2,Yes,14.22
F0480,Jinja,Eastern,Cassava,5.7,Loam,2170,78,314,20.9,15.5,No,11.96
F0481,Mukono,Central,Beans,2.0,Sandy,1648,63,423,28.6,54.8,No,6.0
F0482,Hoima,Western,Cassava,1.9,Sandy,1947,60,45,22.4,26.7,Yes,11.75
F0483,Iganga,Eastern,Rice,11.8,Loam,1104,61,61,29.8,57.8,No,9.72
F0484,Kabale,Western,Cassava,19.5,Sandy,917,28,319,23.8,39.2,No,14.76
F0485,Jinja,Eastern,Sorghum,8.3,Clay,1676,73,394,28.6,43.3,No,9.01
F0486,Soroti,Eastern,Sorghum,2.7,Sandy,1270,37,19,30.9,75.5,Yes,6.51
F0487,Arua,Northern,Coffee,7.8,Sandy,840,63,223,25.8,12.4,Yes,6.49
F0488,Kampala,Central,Coffee,7.6,Sandy,2072,37,271,19.6,6.6,Yes,5.72
F0489,Fort Portal,Western,Groundnuts,4.6,Clay,1055,69,391,30.1,56.9,No,8.46
F0490,Mbarara,Western,Maize,2.7,Loam,2174,69,242,21.4,15.6,No,7.33
F0491,Hoima,Western,Rice,18.5,Clay,965,44,468,32.4,9.5,No,12.66
F0492,Mbale,Eastern,Sorghum,20.4,Loam,2124,39,499,30.8,26.4,Yes,11.38
F0493,Masaka,Central,Rice,16.7,Clay,815,20,441,21.5,28.2,No,12.06
F0494,Gulu,Northern,Rice,21.3,Clay,1244,66,154,23.6,28.9,No,13.89
F0495,Kampala,Central,Groundnuts,19.0,Loam,1861,51,418,31.8,64.5,Yes,9.85
F0496,Mbale,Eastern,Banana,9.8,Clay,1328,37,122,26.1,27.6,Yes,14.95
F0497,Fort Portal,Western,Banana,22.0,Loam,984,89,334,31.7,63.7,No,18.56
F0498,Soroti,Eastern,Sorghum,19.7,Clay,1138,63,184,21.7,8.9,No,9.76
F0499,Jinja,Eastern,Banana,2.2,Loam,838,83,379,18.8,68.9,No,15.59
F0500,Lira,Northern,Cassava,16.1,Loam,1881,80,163,31.5,59.0,No,14.62
F0501,Arua,Northern,Maize,15.2,Loam,1761,28,247,24.7,1.9,Yes,11.11
F0502,Kabale,Western,Banana,23.2,Clay,2049,35,335,31.7,3.8,No,20.28
F0503,Lira,Northern,Maize,5.0,Sandy,1295,85,403,29.2,9.0,Yes,10.73
F0504,Lira,Northern,Beans,9.8,Clay,2153,29,476,24.3,26.9,No,7.01
F0505,Mbarara,Western,Coffee,16.9,Sandy,993,68,425,26.4,63.8,Yes,12.0
F0506,Kabale,Western,Maize,21.8,Clay,1440,26,473,18.8,40.9,Yes,12.93
F0507,Kabale,Western,Rice,4.0,Clay,1992,76,411,18.5,11.8,No,10.14
F0508,Lira,Northern,Rice,13.1,Clay,1659,26,47,29.6,64.4,Yes,8.91
F0509,Kabale,Western,Cassava,6.2,Sandy,1059,49,308,20.6,69.9,Yes,12.07
F0510,Arua,Northern,Rice,7.2,Sandy,1569,85,26,25.3,1.1,Yes,8.45
F0511,Masaka,Central,Groundnuts,4.0,Clay,1642,41,327,21.2,43.9,No,5.36
F0512,Jinja,Eastern,Rice,4.5,Clay,1539,65,316,24.5,25.5,Yes,9.99
F0513,Jinja,Eastern,Banana,3.5,Loam,1306,43,213,25.2,35.7,No,13.6
F0514,Mbarara,Western,Rice,12.1,Loam,1742,38,256,20.5,6.8,No,9.35
F0515,Wakiso,Central,Banana,18.5,Sandy,1387,65,360,28.4,32.0,Yes,18.65
F0516,Kabale,Western,Coffee,1.5,Sandy,2191,81,181,25.6,57.3,No,4.45
F0517,Mbale,Eastern,Beans,14.1,Sandy,2057,20,486,28.3,50.5,No,7.08
F0518,Arua,Northern,Rice,8.8,Clay,1020,90,282,24.0,15.4,Yes,12.45
F0519,Arua,Northern,Banana,20.3,Loam,1602,83,140,23.5,71.7,No,18.2
F0520,Masaka,Central,Sorghum,3.3,Loam,1221,69,312,27.1,63.1,No,9.06
F0521,Wakiso,Central,Banana,20.4,Sandy,1986,88,6,22.1,27.3,No,18.85
F0522,Lira,Northern,Coffee,2.4,Loam,1129,27,377,30.1,12.6,Yes,6.5
F0523,Mbale,Eastern,Maize,18.5,Clay,2174,33,484,20.2,44.5,Yes,11.55
F0524,Lira,Northern,Rice,1.5,Loam,1717,69,216,19.4,70.0,Yes,8.39
F0525,Kampala,Central,Maize,1.9,Clay,954,24,11,22.9,55.9,Yes,6.79
F0526,Wakiso,Central,Beans,5.3,Loam,1433,45,184,19.8,68.7,No,5.2
F0527,Mbarara,Western,Rice,12.3,Sandy,750,42,84,20.7,13.0,No,9.67
F0528,Kampala,Central,Sorghum,13.5,Clay,2094,24,400,24.6,63.5,Yes,9.62
F0529,Arua,Northern,Banana,16.7,Sandy,1747,38,440,18.7,63.1,Yes,17.83
F0530,Lira,Northern,Beans,17.4,Loam,709,84,410,31.8,56.4,Yes,8.97
F0531,Lira,Northern,Rice,14.5,Loam,2191,72,170,32.4,76.5,Yes,12.33
F0532,Jinja,Eastern,Cassava,24.8,Loam,1132,20,296,28.3,26.1,No,15.78
F0533,Mukono,Central,Sorghum,23.8,Sandy,869,82,476,30.4,4.7,No,13.1
F0534,Lira,Northern,Cassava,14.9,Clay,1575,20,44,26.8,11.6,No,13.62
F0535,Arua,Northern,Groundnuts,11.3,Sandy,2187,52,41,29.0,52.3,Yes,8.22
F0536,Mbale,Eastern,Rice,2.1,Sandy,1228,55,400,23.6,73.7,No,8.59
F0537,Soroti,Eastern,Cassava,11.7,Clay,1350,71,349,32.3,38.3,Yes,16.31
F0538,Soroti,Eastern,Cassava,1.8,Sandy,1807,36,180,27.6,30.7,Yes,11.47
F0539,Kampala,Central,Sorghum,12.2,Loam,877,30,435,29.9,70.8,Yes,9.58
F0540,Iganga,Eastern,Maize,18.4,Sandy,1402,43,489,20.0,65.4,Yes,12.18
F0541,Mbale,Eastern,Banana,4.5,Sandy,1156,80,439,29.8,20.8,Yes,16.66
F0542,Mbale,Eastern,Maize,16.0,Sandy,1791,76,108,19.5,73.2,No,10.39
F0543,Lira,Northern,Rice,16.5,Loam,1684,87,492,20.9,21.4,Yes,14.1
F0544,Iganga,Eastern,Beans,22.9,Sandy,1663,80,252,32.0,45.5,Yes,10.32
F0545,Gulu,Northern,Beans,8.9,Loam,895,67,194,32.4,78.6,Yes,6.37
F0546,Gulu,Northern,Groundnuts,14.7,Loam,1064,60,394,18.4,17.2,Yes,8.27
F0547,Masaka,Central,Banana,14.3,Sandy,2103,66,246,32.2,51.1,Yes,17.37
F0548,Jinja,Eastern,Cassava,7.7,Clay,2153,51,363,32.6,6.1,Yes,14.39
F0549,Jinja,Eastern,Maize,19.0,Sandy,1185,34,350,22.3,9.0,Yes,11.32
F0550,Masaka,Central,Coffee,7.0,Loam,1573,31,496,22.2,71.7,Yes,7.46
F0551,Iganga,Eastern,Beans,0.8,Sandy,1115,42,463,30.5,9.0,Yes,5.76
F0552,Kabale,Western,Banana,17.0,Sandy,1486,71,357,18.4,48.1,No,19.48
F0553,Iganga,Eastern,Cassava,13.1,Sandy,1576,66,445,27.9,76.3,Yes,14.17
F0554,Kabale,Western,Groundnuts,4.4,Clay,2186,66,282,20.0,73.6,No,7.39
F0555,Mukono,Central,Beans,4.2,Loam,926,35,81,22.6,45.8,Yes,3.65
F0556,Mbarara,Western,Coffee,18.3,Loam,1183,74,71,21.6,60.8,Yes,8.09
F0557,Jinja,Eastern,Maize,21.0,Clay,1906,69,219,23.0,61.4,Yes,11.14
F0558,Mbarara,Western,Rice,23.1,Loam,1937,43,101,19.0,7.5,No,12.09
F0559,Masaka,Central,Maize,10.9,Loam,1331,29,262,29.7,36.3,Yes,10.24
F0560,Gulu,Northern,Maize,17.8,Clay,1578,41,300,18.7,10.7,Yes,10.52
F0561,Mbale,Eastern,Coffee,8.7,Sandy,909,86,380,29.2,16.1,No,9.72
F0562,Jinja,Eastern,Groundnuts,6.8,Clay,1629,31,122,31.5,1.3,Yes,5.1
F0563,Jinja,Eastern,Groundnuts,2.7,Loam,2107,56,186,23.0,22.0,No,6.34
F0564,Lira,Northern,Groundnuts,2.2,Sandy,873,29,29,26.1,79.3,Yes,4.27
F0565,Mbarara,Western,Cassava,5.3,Clay,2071,83,288,30.1,24.1,No,14.46
F0566,Mbarara,Western,Groundnuts,3.6,Clay,2104,23,357,20.8,78.8,Yes,4.89
F0567,Wakiso,Central,Banana,6.4,Loam,1152,54,178,20.6,66.6,No,13.7
F0568,Mukono,Central,Sorghum,11.2,Clay,707,36,46,26.2,35.0,Yes,7.02
F0569,Masaka,Central,Cassava,18.1,Clay,935,68,47,28.1,1.3,Yes,13.84
F0570,Fort Portal,Western,Cassava,24.9,Clay,1351,76,496,32.3,63.0,Yes,19.67
F0571,Mbarara,Western,Banana,3.6,Clay,1426,85,286,26.8,18.6,No,14.48
F0572,Kabale,Western,Coffee,10.8,Sandy,2060,43,22,26.0,22.8,No,5.54
F0573,Mbarara,Western,Rice,17.8,Loam,1746,89,192,26.2,24.2,Yes,12.18
F0574,Gulu,Northern,Rice,18.4,Loam,1433,59,232,23.4,60.6,Yes,11.76
F0575,Masaka,Central,Cassava,16.1,Sandy,2120,22,139,26.2,28.0,No,15.17
F0576,Kabale,Western,Cassava,20.2,Loam,1169,63,172,25.1,57.9,Yes,16.02
F0577,Jinja,Eastern,Cassava,22.5,Clay,788,36,458,23.1,34.2,No,17.95
F0578,Gulu,Northern,Beans,24.4,Clay,1075,40,180,22.2,73.8,Yes,10.01
F0579,Iganga,Eastern,Coffee,11.0,Loam,1093,39,395,29.8,41.2,Yes,6.99
F0580,Kabale,Western,Groundnuts,24.9,Clay,1222,22,200,23.9,31.0,Yes,9.57
F0581,Soroti,Eastern,Banana,8.7,Clay,2091,24,319,28.7,17.3,Yes,15.49
F0582,Hoima,Western,Rice,6.2,Clay,1900,61,62,18.5,26.7,Yes,8.85
F0583,Jinja,Eastern,Rice,11.3,Loam,1552,66,7,31.5,10.2,No,10.79
F0584,Jinja,Eastern,Banana,14.9,Sandy,1472,24,266,29.9,65.0,No,16.25
F0585,Mbarara,Western,Sorghum,24.7,Loam,811,68,236,21.4,50.4,No,12.41
F0586,Mukono,Central,Maize,24.5,Clay,1601,31,159,24.9,17.8,Yes,13.49
F0587,Mukono,Central,Banana,0.6,Clay,1540,84,233,22.3,56.5,No,12.47
F0588,Wakiso,Central,Sorghum,3.3,Sandy,1294,89,107,21.3,31.6,No,6.78
F0589,Arua,Northern,Cassava,7.5,Sandy,872,67,431,19.7,52.9,No,15.29
F0590,Fort Portal,Western,Maize,8.8,Sandy,1554,22,489,31.5,18.6,Yes,10.71
F0591,Jinja,Eastern,Sorghum,9.3,Clay,1229,49,88,29.8,37.1,No,6.54
F0592,Kampala,Central,Groundnuts,5.9,Clay,1356,71,345,18.6,44.1,Yes,7.35
F0593,Masaka,Central,Beans,17.5,Sandy,1229,84,69,28.5,61.9,No,8.95
F0594,Mukono,Central,Sorghum,18.5,Sandy,927,37,140,22.6,54.6,Yes,9.23
F0595,Fort Portal,Western,Banana,14.4,Clay,1445,83,229,26.2,14.0,Yes,16.86
F0596,Wakiso,Central,Coffee,15.0,Sandy,2110,85,372,20.2,64.7,Yes,11.2
F0597,Kampala,Central,Coffee,15.7,Clay,1170,76,44,30.5,55.4,Yes,7.46
F0598,Gulu,Northern,Banana,15.3,Sandy,969,63,190,19.0,6.7,Yes,18.2
F0599,Mbale,Eastern,Cassava,7.9,Clay,878,46,492,24.6,63.9,No,13.93
F0600,Soroti,Eastern,Coffee,18.4,Clay,1166,59,46,32.2,53.2,No,8.47
F0601,Lira,Northern,Sorghum,9.7,Loam,1633,45,480,32.3,23.2,Yes,10.55
F0602,Lira,Northern,Coffee,6.0,Clay,1144,76,488,29.9,37.5,No,8.34
F0603,Arua,Northern,Banana,10.3,Clay,1027,64,254,29.0,53.0,No,16.98
F0604,Lira,Northern,Beans,12.1,Clay,1737,46,402,32.2,52.6,Yes,8.13
F0605,Mbale,Eastern,Cassava,9.0,Clay,948,81,144,23.7,46.7,Yes,14.05
F0606,Fort Portal,Western,Cassava,6.7,Clay,982,90,282,27.0,50.5,Yes,13.23
F0607,Mbale,Eastern,Maize,19.8,Clay,2088,75,417,25.0,66.9,No,14.34
F0608,Mukono,Central,Groundnuts,4.7,Clay,1005,60,113,27.7,35.3,No,6.79
F0609,Hoima,Western,Rice,4.5,Clay,1900,88,98,24.6,40.8,Yes,10.76
F0610,Mbarara,Western,Coffee,22.3,Sandy,2023,33,275,24.5,68.2,No,9.88
F0611,Jinja,Eastern,Beans,16.4,Clay,1461,33,245,30.1,78.5,Yes,7.08
F0612,Mbale,Eastern,Maize,2.0,Loam,1872,26,101,21.7,7.6,No,5.15
F0613,Mbarara,Western,Beans,6.6,Clay,1314,79,114,23.6,63.3,No,6.85
F0614,Fort Portal,Western,Coffee,3.3,Clay,921,77,356,25.4,2.8,Yes,7.9
F0615,Gulu,Northern,Groundnuts,10.6,Sandy,1792,70,114,22.7,6.7,No,6.94
F0616,Soroti,Eastern,Sorghum,7.2,Clay,1532,72,108,27.9,45.2,No,6.28
F0617,Kabale,Western,Maize,2.5,Clay,1455,75,500,18.1,21.5,No,9.1
F0618,Mbarara,Western,Beans,21.9,Loam,1588,46,73,27.6,52.9,No,9.92
F0619,Hoima,Western,Banana,13.2,Loam,1174,63,34,19.9,54.0,No,16.92
F0620,Mbale,Eastern,Beans,3.3,Sandy,2197,28,479,22.5,62.6,No,4.81
F0621,Lira,Northern,Groundnuts,22.4,Clay,941,86,237,22.5,77.4,No,12.61
F0622,Lira,Northern,Rice,8.4,Sandy,2023,68,201,25.8,44.9,Yes,10.05
F0623,Mbarara,Western,Cassava,21.9,Sandy,1115,39,225,23.8,49.2,No,17.12
F0624,Mukono,Central,Groundnuts,4.1,Sandy,1258,50,62,26.4,33.9,Yes,4.74
F0625,Iganga,Eastern,Cassava,22.8,Clay,1600,28,52,31.9,9.6,No,15.14
F0626,Soroti,Eastern,Groundnuts,9.4,Sandy,1669,31,8,18.4,40.8,Yes,4.72
F0627,Jinja,Eastern,Maize,3.9,Clay,1553,76,128,26.8,25.7,Yes,7.83
F0628,Kabale,Western,Groundnuts,8.0,Sandy,819,34,51,24.4,46.2,Yes,5.34
F0629,Fort Portal,Western,Cassava,17.1,Loam,1292,43,294,24.6,23.2,No,15.92
F0630,Masaka,Central,Maize,2.8,Loam,1757,83,174,21.4,10.1,No,7.49
F0631,Jinja,Eastern,Groundnuts,22.9,Loam,1750,55,304,32.7,71.5,No,9.79
F0632,Fort Portal,Western,Rice,3.8,Clay,1821,36,414,30.1,2.2,No,8.33
F0633,Gulu,Northern,Cassava,17.4,Clay,1097,71,236,20.6,52.4,No,15.32
F0634,Mukono,Central,Sorghum,16.2,Loam,1782,73,22,31.4,76.7,No,9.81
F0635,Jinja,Eastern,Banana,16.8,Clay,1850,56,206,27.9,32.6,No,18.07
F0636,Kabale,Western,Banana,24.8,Clay,1653,24,429,19.2,55.0,Yes,18.8
F0637,Fort Portal,Western,Banana,22.0,Sandy,1248,78,243,23.0,48.5,Yes,18.13
F0638,Mukono,Central,Beans,2.7,Sandy,1863,87,108,25.2,69.3,Yes,5.96
F0639,Jinja,Eastern,Banana,24.3,Clay,1291,58,42,22.0,32.2,Yes,16.89
F0640,Lira,Northern,Sorghum,0.8,Clay,1992,68,402,18.0,76.9,Yes,7.7
F0641,Kampala,Central,Maize,11.8,Clay,1559,84,46,21.7,23.7,Yes,10.16
F0642,Iganga,Eastern,Maize,19.2,Loam,1910,22,321,28.7,65.0,No,11.31
F0643,Mukono,Central,Sorghum,7.0,Clay,1517,40,97,19.3,78.7,No,6.44
F0644,Soroti,Eastern,Cassava,14.4,Sandy,1367,26,475,25.5,41.0,Yes,15.63
F0645,Hoima,Western,Cassava,16.7,Sandy,1580,87,228,24.7,37.9,No,14.73
F0646,Arua,Northern,Beans,20.3,Loam,1208,36,107,20.0,39.9,No,8.95
F0647,Hoima,Western,Sorghum,12.3,Clay,795,42,416,32.6,14.8,Yes,11.0
F0648,Kampala,Central,Sorghum,18.7,Clay,1732,31,211,21.5,11.9,Yes,9.75
F0649,Gulu,Northern,Cassava,15.9,Loam,1551,70,29,27.7,40.9,No,15.76
F0650,Jinja,Eastern,Rice,8.7,Loam,724,23,48,30.6,68.4,No,7.9
F0651,Fort Portal,Western,Maize,14.9,Clay,1888,60,6,32.4,50.6,No,9.39
F0652,Mbarara,Western,Groundnuts,3.0,Sandy,900,71,337,19.5,58.8,Yes,7.86
F0653,Mbarara,Western,Cassava,1.6,Loam,1562,55,342,31.8,66.3,Yes,12.43
F0654,Lira,Northern,Maize,7.8,Sandy,1935,26,169,22.6,19.6,No,6.7
F0655,Soroti,Eastern,Coffee,11.0,Sandy,1831,38,319,29.0,25.0,Yes,7.18
F0656,Kampala,Central,Beans,8.3,Clay,2136,27,391,29.9,3.4,Yes,5.3
F0657,Hoima,Western,Groundnuts,21.0,Clay,2143,87,310,29.5,49.5,Yes,10.11
F0658,Jinja,Eastern,Sorghum,13.1,Clay,1489,64,78,30.1,14.8,No,7.46
F0659,Kabale,Western,Cassava,20.0,Clay,807,35,83,30.6,1.1,Yes,15.31
F0660,Mukono,Central,Groundnuts,3.8,Clay,1321,89,358,18.6,70.4,No,7.44
F0661,Mbarara,Western,Maize,5.8,Clay,1015,59,117,31.5,5.3,No,9.22
F0662,Soroti,Eastern,Sorghum,16.0,Sandy,1371,36,471,20.8,56.8,No,10.2
F0663,Arua,Northern,Sorghum,7.3,Sandy,1215,89,93,20.0,68.9,Yes,8.79
F0664,Kampala,Central,Maize,5.4,Sandy,1327,20,156,22.8,59.5,No,6.21
F0665,Mukono,Central,Sorghum,3.1,Sandy,1414,71,450,20.7,17.4,Yes,9.53
F0666,Lira,Northern,Maize,3.6,Loam,1629,26,447,32.2,50.4,Yes,9.69
F0667,Jinja,Eastern,Rice,14.9,Clay,1592,64,401,24.8,29.6,Yes,11.7
F0668,Mbale,Eastern,Groundnuts,7.4,Sandy,940,47,223,22.9,23.3,No,7.23
F0669,Iganga,Eastern,Maize,23.5,Clay,1620,28,290,24.7,34.8,No,13.25
F0670,Jinja,Eastern,Beans,13.0,Clay,1090,20,246,31.2,67.0,No,6.85
F0671,Kabale,Western,Maize,23.1,Loam,2051,39,157,24.2,11.1,No,12.2
F0672,Mbale,Eastern,Sorghum,15.5,Clay,1972,37,88,31.8,51.6,Yes,9.0
F0673,Mbale,Eastern,Sorghum,9.7,Sandy,1137,74,385,18.3,79.7,Yes,9.11
F0674,Hoima,Western,Maize,2.7,Loam,1153,59,192,21.0,30.4,No,7.21
F0675,Lira,Northern,Maize,6.0,Sandy,1331,86,58,26.7,36.3,No,7.96
F0676,Lira,Northern,Beans,6.4,Loam,1983,84,277,32.9,27.0,No,7.14
F0677,Hoima,Western,Sorghum,1.4,Clay,1723,85,105,27.9,65.2,Yes,6.96
F0678,Iganga,Eastern,Rice,6.3,Clay,1311,76,460,26.1,43.1,Yes,10.58
F0679,Masaka,Central,Rice,17.4,Sandy,1478,39,470,25.9,60.0,No,14.47
F0680,Gulu,Northern,Groundnuts,6.0,Loam,789,30,249,22.9,69.0,No,5.62
F0681,Gulu,Northern,Sorghum,24.6,Loam,1246,43,239,20.7,65.4,No,10.58
F0682,Soroti,Eastern,Beans,15.1,Sandy,2039,70,390,26.4,16.1,No,8.46
F0683,Jinja,Eastern,Maize,14.1,Loam,1486,49,317,30.6,2.0,No,10.26
F0684,Soroti,Eastern,Banana,7.9,Sandy,1175,48,152,21.1,51.1,No,14.22
F0685,Iganga,Eastern,Groundnuts,2.5,Loam,720,23,301,26.2,31.7,No,5.21
F0686,Soroti,Eastern,Rice,12.5,Loam,774,80,394,31.3,26.8,Yes,12.01
F0687,Masaka,Central,Beans,16.1,Loam,1607,46,145,26.0,48.2,Yes,5.94
F0688,Gulu,Northern,Coffee,2.9,Sandy,1413,44,295,20.2,33.7,No,6.95
F0689,Mukono,Central,Maize,7.9,Sandy,1754,72,138,27.6,36.9,No,8.17
F0690,Hoima,Western,Banana,6.7,Loam,2192,21,113,23.0,26.4,Yes,12.37
F0691,Iganga,Eastern,Banana,1.1,Loam,2025,59,144,18.2,72.1,No,14.06
F0692,Wakiso,Central,Banana,8.9,Loam,1740,43,218,21.8,46.7,No,14.89
F0693,Kabale,Western,Coffee,8.9,Loam,1975,53,287,20.7,40.4,Yes,8.25
F0694,Arua,Northern,Maize,6.3,Loam,1207,51,17,21.0,42.4,Yes,7.33
F0695,Gulu,Northern,Sorghum,9.6,Sandy,818,44,340,27.4,34.6,No,9.64
F0696,Gulu,Northern,Coffee,2.6,Sandy,1415,35,248,20.2,42.7,Yes,3.9
F0697,Wakiso,Central,Beans,21.6,Loam,959,58,111,26.7,27.4,Yes,7.61
F0698,Soroti,Eastern,Groundnuts,5.6,Clay,1404,22,494,25.4,39.6,Yes,6.78
F0699,Hoima,Western,Sorghum,19.5,Clay,1159,32,172,32.4,9.1,No,10.45
F0700,Lira,Northern,Maize,18.9,Loam,788,58,477,27.4,64.6,No,13.15
F0701,Mbale,Eastern,Coffee,5.1,Sandy,1063,30,104,30.9,54.5,No,5.98
F0702,Wakiso,Central,Maize,13.4,Sandy,2190,25,310,19.9,42.6,No,10.21
F0703,Masaka,Central,Cassava,7.2,Clay,759,72,472,26.5,42.7,No,15.55
F0704,Hoima,Western,Rice,6.5,Sandy,757,54,67,25.3,29.6,Yes,9.01
F0705,Kampala,Central,Maize,12.7,Sandy,1897,25,207,28.4,39.9,No,10.31
F0706,Lira,Northern,Beans,12.8,Sandy,1560,55,136,19.3,10.1,No,6.55
F0707,Kabale,Western,Beans,24.7,Loam,1140,37,8,19.4,19.3,Yes,9.77
F0708,Mukono,Central,Coffee,2.8,Loam,1678,81,445,31.2,56.1,Yes,6.67
F0709,Soroti,Eastern,Rice,4.0,Clay,2095,79,397,25.1,4.4,Yes,9.55
F0710,Hoima,Western,Rice,11.3,Sandy,940,62,331,25.8,75.6,Yes,10.27
F0711,Kampala,Central,Cassava,14.9,Clay,1711,73,293,18.8,27.0,No,16.81
F0712,Kabale,Western,Banana,13.2,Loam,1001,74,133,23.6,77.8,Yes,16.49
F0713,Hoima,Western,Maize,10.2,Clay,1619,42,303,19.8,3.9,Yes,10.66
F0714,Hoima,Western,Cassava,21.8,Sandy,2079,61,465,18.9,71.5,Yes,17.96
F0715,Fort Portal,Western,Sorghum,11.4,Sandy,939,49,95,30.0,69.2,No,9.21
F0716,Fort Portal,Western,Sorghum,22.9,Loam,823,74,374,21.2,58.2,No,12.45
F0717,Soroti,Eastern,Beans,2.9,Loam,1905,21,215,24.1,40.8,Yes,3.56
F0718,Gulu,Northern,Rice,14.5,Sandy,1365,31,225,27.2,67.8,No,9.62
F0719,Wakiso,Central,Banana,21.9,Loam,738,34,128,24.2,50.2,No,16.44
F0720,Wakiso,Central,Banana,14.2,Sandy,1050,59,274,27.3,72.2,No,17.63
F0721,Masaka,Central,Cassava,11.4,Loam,2186,39,150,21.9,35.7,Yes,12.81
F0722,Mukono,Central,Rice,18.3,Clay,1055,70,419,29.4,32.9,No,12.48
F0723,Soroti,Eastern,Banana,22.6,Loam,1571,52,90,32.7,42.5,Yes,18.26
F0724,Fort Portal,Western,Beans,3.6,Sandy,1436,78,262,25.9,17.3,Yes,5.23
F0725,Soroti,Eastern,Cassava,0.6,Loam,2155,75,95,19.0,21.5,Yes,12.17
F0726,Kabale,Western,Sorghum,8.5,Sandy,1209,57,422,22.2,28.4,Yes,8.57
F0727,Masaka,Central,Maize,14.5,Loam,746,41,289,21.9,42.7,No,11.52
F0728,Kabale,Western,Banana,11.6,Sandy,1325,52,434,29.5,32.4,No,16.02
F0729,Mbale,Eastern,Maize,18.8,Clay,1939,61,144,22.1,49.2,Yes,9.99
F0730,Wakiso,Central,Groundnuts,9.1,Sandy,1082,75,173,32.0,20.6,Yes,6.42
F0731,Kabale,Western,Cassava,4.9,Sandy,927,90,89,18.5,30.1,No,13.51
F0732,Lira,Northern,Sorghum,4.6,Clay,1462,31,9,27.8,67.1,Yes,5.16
F0733,Mukono,Central,Cassava,7.7,Sandy,2111,33,259,28.3,63.7,No,12.1
F0734,Masaka,Central,Cassava,8.3,Sandy,974,77,84,24.7,15.2,No,13.26
F0735,Gulu,Northern,Rice,10.4,Sandy,879,87,168,27.1,37.1,Yes,10.32
F0736,Kabale,Western,Maize,14.4,Clay,1948,32,77,31.1,26.4,No,10.73
F0737,Wakiso,Central,Beans,17.8,Loam,1563,53,162,18.8,60.1,No,7.51
F0738,Gulu,Northern,Banana,16.5,Clay,1635,78,334,30.2,27.8,No,17.62
F0739,Hoima,Western,Banana,22.1,Clay,1423,87,206,28.3,29.1,No,19.38
F0740,Iganga,Eastern,Maize,20.1,Sandy,1324,30,355,20.9,77.2,Yes,13.43
F0741,Mbale,Eastern,Beans,10.6,Loam,1841,88,46,20.0,20.7,Yes,5.22
F0742,Masaka,Central,Coffee,23.3,Clay,805,48,5,28.8,60.6,Yes,9.92
F0743,Mukono,Central,Groundnuts,24.2,Sandy,1269,20,491,30.5,19.3,No,12.09
F0744,Soroti,Eastern,Sorghum,23.1,Sandy,771,66,223,31.2,55.1,No,13.15
F0745,Soroti,Eastern,Banana,24.0,Loam,714,82,282,30.7,12.8,No,20.03
F0746,Gulu,Northern,Coffee,16.4,Sandy,792,35,240,19.1,46.0,No,9.48
F0747,Mbarara,Western,Maize,11.4,Sandy,1803,76,296,22.6,48.6,No,10.77
F0748,Jinja,Eastern,Groundnuts,2.3,Clay,953,85,176,28.7,43.8,Yes,4.7
F0749,Jinja,Eastern,Rice,8.9,Sandy,1521,55,146,18.8,42.7,No,8.57
F0750,Lira,Northern,Cassava,19.1,Loam,1875,41,241,24.8,68.7,No,16.88
F0751,Arua,Northern,Banana,5.1,Loam,1738,23,437,28.8,74.7,Yes,15.34
F0752,Hoima,Western,Maize,8.6,Loam,1891,65,468,23.2,48.2,Yes,9.28
F0753,Gulu,Northern,Banana,20.5,Sandy,991,42,404,32.5,47.6,Yes,18.81
F0754,Gulu,Northern,Rice,23.4,Loam,912,20,191,21.2,33.3,No,11.43
F0755,Kabale,Western,Coffee,2.3,Loam,1792,53,356,26.4,29.5,No,5.05
F0756,Iganga,Eastern,Coffee,9.0,Sandy,750,57,130,18.2,4.9,Yes,7.62
F0757,Kabale,Western,Sorghum,2.8,Sandy,1392,29,272,28.4,28.5,Yes,4.91
F0758,Soroti,Eastern,Sorghum,11.5,Sandy,1183,42,474,28.7,64.9,No,8.35
F0759,Mbarara,Western,Cassava,10.5,Loam,1844,45,43,30.9,2.9,Yes,13.53
F0760,Gulu,Northern,Beans,10.5,Loam,1911,57,219,20.9,54.9,Yes,7.76
F0761,Soroti,Eastern,Beans,18.0,Clay,755,66,163,18.3,35.1,Yes,9.24
F0762,Mbarara,Western,Rice,23.3,Loam,2009,49,55,21.5,8.8,Yes,13.35
F0763,Mbarara,Western,Beans,20.0,Clay,1664,40,165,23.7,36.4,Yes,7.79
F0764,Mbarara,Western,Sorghum,3.1,Loam,1192,67,436,19.9,49.3,No,8.21
F0765,Lira,Northern,Beans,15.4,Sandy,1566,83,95,31.9,23.7,Yes,6.71
F0766,Mukono,Central,Banana,9.6,Loam,1920,50,126,24.7,65.6,No,14.77
F0767,Lira,Northern,Beans,5.5,Sandy,1407,62,33,19.1,10.3,Yes,3.86
F0768,Iganga,Eastern,Sorghum,0.5,Loam,846,24,266,24.5,3.1,Yes,6.45
F0769,Lira,Northern,Banana,24.0,Loam,1432,44,277,32.0,16.9,Yes,17.66
F0770,Hoima,Western,Coffee,1.4,Loam,1312,21,312,28.6,76.1,Yes,4.1
F0771,Kabale,Western,Groundnuts,18.8,Clay,1429,22,469,27.5,50.2,No,11.17
F0772,Mukono,Central,Sorghum,8.2,Clay,1247,88,239,18.3,27.9,No,10.39
F0773,Iganga,Eastern,Sorghum,20.5,Clay,708,87,213,30.9,63.3,No,10.94
F0774,Soroti,Eastern,Maize,7.1,Clay,1497,31,449,30.6,66.5,Yes,9.61
F0775,Wakiso,Central,Banana,15.4,Sandy,2109,86,212,28.4,77.4,Yes,16.1
F0776,Iganga,Eastern,Coffee,2.5,Sandy,1176,48,89,22.9,28.0,Yes,5.23
F0777,Mukono,Central,Sorghum,5.4,Loam,1322,86,3,29.5,27.6,No,7.9
F0778,Hoima,Western,Rice,8.1,Clay,1393,69,293,21.4,74.6,No,11.98
F0779,Wakiso,Central,Cassava,13.8,Sandy,1695,26,442,28.8,58.8,Yes,15.69
F0780,Mukono,Central,Rice,15.7,Clay,1561,70,122,22.0,12.7,No,11.39
F0781,Mbarara,Western,Cassava,24.1,Sandy,1655,27,438,22.5,43.7,No,17.99
F0782,Masaka,Central,Banana,16.4,Clay,1810,36,37,19.7,18.6,Yes,14.65
F0783,Mbarara,Western,Beans,0.6,Loam,1230,66,195,30.3,39.2,No,3.72
F0784,Mukono,Central,Groundnuts,6.9,Sandy,1369,61,75,18.3,67.1,No,5.64
F0785,Jinja,Eastern,Maize,22.6,Loam,1636,46,426,30.3,71.4,Yes,12.1
F0786,Kabale,Western,Maize,0.6,Sandy,1077,89,344,20.8,48.6,No,8.5
F0787,Kampala,Central,Rice,21.0,Sandy,1308,29,453,29.5,14.6,No,14.89
F0788,Fort Portal,Western,Groundnuts,7.3,Loam,1104,53,207,26.6,54.2,Yes,7.43
F0789,Wakiso,Central,Groundnuts,20.0,Sandy,1077,40,69,31.0,12.9,Yes,8.77
F0790,Soroti,Eastern,Rice,12.6,Loam,1046,46,123,20.8,31.9,No,10.86
F0791,Masaka,Central,Maize,24.4,Loam,830,87,9,18.4,8.4,Yes,14.0
F0792,Jinja,Eastern,Groundnuts,13.5,Sandy,1396,67,484,29.0,45.7,Yes,9.16
F0793,Iganga,Eastern,Coffee,24.3,Loam,1119,47,84,26.5,35.7,Yes,10.38
F0794,Jinja,Eastern,Maize,12.5,Loam,1574,72,361,22.0,24.8,No,10.33
F0795,Hoima,Western,Sorghum,17.6,Loam,788,77,254,23.4,3.0,No,12.1
F0796,Mbale,Eastern,Maize,12.5,Loam,853,29,451,20.6,36.1,No,10.67
F0797,Kabale,Western,Banana,10.0,Loam,973,78,9,27.4,7.8,No,15.65
F0798,Soroti,Eastern,Banana,8.4,Loam,1544,83,309,29.9,1.4,Yes,14.82
F0799,Jinja,Eastern,Groundnuts,8.6,Clay,967,76,299,26.6,77.1,Yes,8.54
F0800,Hoima,Western,Beans,13.6,Sandy,1892,28,460,29.2,30.5,No,8.55
F0801,Gulu,Northern,Rice,7.3,Loam,1176,48,248,22.1,39.5,Yes,8.42
F0802,Soroti,Eastern,Maize,24.8,Clay,1735,52,406,19.1,61.5,Yes,14.46
F0803,Mbarara,Western,Maize,22.3,Clay,1678,67,131,30.8,73.1,Yes,13.76
F0804,Hoima,Western,Rice,14.6,Sandy,1933,39,114,25.2,38.0,Yes,11.0
F0805,Iganga,Eastern,Rice,13.0,Sandy,1948,56,440,19.6,24.0,Yes,13.1
F0806,Mukono,Central,Rice,16.3,Clay,1961,85,468,26.7,37.4,No,15.51
F0807,Hoima,Western,Banana,8.1,Sandy,805,60,237,19.0,31.7,No,16.24
F0808,Fort Portal,Western,Maize,3.9,Sandy,1736,47,455,31.1,14.2,No,9.06
F0809,Lira,Northern,Beans,5.1,Loam,1272,71,6,29.6,39.2,Yes,3.83
F0810,Iganga,Eastern,Beans,6.0,Sandy,914,49,120,18.7,7.8,Yes,4.01
F0811,Gulu,Northern,Maize,18.1,Clay,770,86,64,26.1,8.7,No,10.49
F0812,Fort Portal,Western,Banana,17.4,Loam,946,71,54,23.1,19.6,Yes,15.49
F0813,Wakiso,Central,Sorghum,23.9,Sandy,1198,82,60,21.2,55.7,Yes,11.49
F0814,Soroti,Eastern,Coffee,24.0,Loam,858,42,134,26.6,17.5,Yes,11.44
F0815,Iganga,Eastern,Rice,14.3,Clay,1946,20,92,27.1,49.5,Yes,11.19
F0816,Mukono,Central,Coffee,2.4,Clay,918,56,128,29.0,30.9,No,5.57
F0817,Arua,Northern,Rice,2.2,Sandy,1624,27,188,28.2,37.6,No,6.2
F0818,Lira,Northern,Beans,1.8,Sandy,1358,80,6,28.7,2.6,No,4.54
F0819,Mbarara,Western,Sorghum,22.8,Loam,889,56,58,21.8,41.3,Yes,11.23
F0820,Jinja,Eastern,Banana,8.6,Sandy,979,58,461,28.2,30.3,No,17.69
F0821,Arua,Northern,Coffee,1.1,Loam,2090,58,172,27.3,21.8,No,6.1
F0822,Jinja,Eastern,Maize,17.2,Sandy,1898,33,59,21.3,21.3,Yes,10.51
F0823,Arua,Northern,Sorghum,23.1,Loam,1835,73,240,18.3,28.8,Yes,12.41
F0824,Lira,Northern,Coffee,8.4,Clay,1105,31,319,18.3,44.2,No,5.69
F0825,Wakiso,Central,Groundnuts,1.3,Loam,2135,68,305,19.5,50.0,Yes,7.44
F0826,Kabale,Western,Coffee,15.2,Sandy,790,64,63,28.2,8.0,Yes,9.14
F0827,Soroti,Eastern,Maize,7.1,Clay,1543,63,345,20.2,69.4,No,11.05
F0828,Iganga,Eastern,Sorghum,22.0,Sandy,915,61,93,29.3,73.2,No,10.36
F0829,Fort Portal,Western,Rice,22.7,Clay,915,29,402,31.0,43.9,No,13.93
F0830,Gulu,Northern,Beans,19.8,Loam,1804,38,252,26.1,21.2,No,8.03
F0831,Arua,Northern,Cassava,23.0,Clay,1329,89,116,20.4,24.4,No,16.58
F0832,Soroti,Eastern,Cassava,12.2,Clay,821,54,448,29.6,25.1,Yes,16.36
F0833,Fort Portal,Western,Banana,1.7,Loam,2140,74,246,30.0,17.4,Yes,15.28
F0834,Mukono,Central,Cassava,7.7,Sandy,935,85,427,28.6,39.9,No,13.34
F0835,Kampala,Central,Banana,9.9,Loam,1225,85,464,19.1,30.2,No,16.35
F0836,Mbarara,Western,Maize,16.5,Loam,1938,54,150,30.5,43.9,Yes,11.46
F0837,Gulu,Northern,Banana,14.1,Loam,1870,54,250,24.5,41.3,No,17.92
F0838,Wakiso,Central,Beans,13.6,Sandy,1718,53,430,21.3,53.9,No,9.81
F0839,Iganga,Eastern,Banana,7.3,Clay,1753,45,53,19.5,24.0,Yes,12.34
F0840,Gulu,Northern,Cassava,21.4,Loam,807,51,35,28.2,55.7,Yes,15.63
F0841,Mbale,Eastern,Banana,13.4,Clay,1447,89,167,21.2,63.2,Yes,16.93
F0842,Iganga,Eastern,Banana,12.8,Loam,728,44,295,27.5,5.9,Yes,17.38
F0843,Fort Portal,Western,Beans,23.7,Clay,2167,44,280,25.0,69.9,Yes,8.82
F0844,Gulu,Northern,Sorghum,21.5,Sandy,1109,57,246,32.9,5.7,Yes,11.64
F0845,Wakiso,Central,Beans,9.3,Sandy,1495,66,437,19.0,17.6,No,7.52
F0846,Mbale,Eastern,Sorghum,25.0,Loam,1121,38,271,25.6,64.1,No,13.43
F0847,Iganga,Eastern,Beans,21.5,Clay,2142,25,500,27.7,12.5,No,9.99
F0848,Soroti,Eastern,Sorghum,11.2,Clay,1556,61,206,30.0,68.4,Yes,7.5
F0849,Hoima,Western,Beans,19.6,Loam,1419,44,369,23.2,28.4,No,10.3
F0850,Iganga,Eastern,Groundnuts,5.8,Loam,1798,88,61,22.2,53.9,No,6.05
F0851,Mbale,Eastern,Rice,11.7,Clay,1840,65,367,27.2,78.0,No,13.13
F0852,Mbarara,Western,Beans,9.1,Clay,1955,43,453,27.9,27.9,Yes,6.22
F0853,Mbarara,Western,Beans,17.7,Sandy,1884,52,42,30.2,54.4,No,6.34
F0854,Kabale,Western,Sorghum,18.6,Clay,1446,80,484,32.0,10.2,Yes,13.8
F0855,Fort Portal,Western,Banana,8.1,Loam,1750,52,10,21.1,11.2,Yes,12.51
F0856,Mukono,Central,Groundnuts,1.1,Loam,965,44,499,23.6,23.6,No,6.01
F0857,Mukono,Central,Groundnuts,14.7,Loam,2067,90,252,22.1,10.6,No,9.46
F0858,Fort Portal,Western,Cassava,1.5,Clay,852,46,426,27.7,44.8,No,13.48
F0859,Mbarara,Western,Rice,9.7,Clay,1749,59,99,30.0,19.3,Yes,11.3
F0860,Hoima,Western,Sorghum,9.3,Sandy,1753,80,163,32.1,31.9,Yes,8.88
F0861,Kabale,Western,Coffee,10.0,Clay,2152,64,22,22.3,15.8,No,5.42
F0862,Kabale,Western,Rice,13.7,Sandy,974,40,289,25.6,31.7,Yes,12.2
F0863,Wakiso,Central,Groundnuts,13.3,Loam,726,72,490,29.8,69.7,Yes,10.93
F0864,Wakiso,Central,Rice,3.5,Sandy,853,79,112,18.6,37.0,No,8.34
F0865,Wakiso,Central,Groundnuts,23.8,Clay,1304,79,349,18.7,30.2,Yes,12.89
F0866,Wakiso,Central,Beans,8.8,Loam,731,82,429,27.3,47.1,No,8.52
F0867,Masaka,Central,Rice,1.3,Sandy,727,50,237,27.1,42.9,Yes,9.5
F0868,Jinja,Eastern,Maize,3.8,Loam,2087,72,404,26.9,44.7,Yes,9.15
F0869,Mukono,Central,Groundnuts,5.0,Loam,2157,34,399,28.4,74.4,Yes,6.47
F0870,Gulu,Northern,Maize,15.5,Loam,1779,89,386,31.2,69.4,Yes,12.94
F0871,Soroti,Eastern,Rice,12.3,Loam,1661,43,105,23.0,41.6,Yes,10.33
F0872,Fort Portal,Western,Sorghum,10.1,Sandy,1559,71,114,31.2,35.4,No,8.78
F0873,Hoima,Western,Sorghum,19.4,Clay,1138,64,147,29.8,23.8,Yes,11.56
F0874,Wakiso,Central,Rice,9.2,Loam,885,86,73,18.6,22.5,No,11.29
F0875,Jinja,Eastern,Sorghum,14.2,Loam,1923,34,57,27.9,1.8,Yes,7.27
F0876,Mbale,Eastern,Beans,22.8,Loam,1943,87,93,24.2,7.7,Yes,11.15
F0877,Kampala,Central,Cassava,24.5,Clay,1746,22,391,25.9,6.4,No,17.84
F0878,Kabale,Western,Beans,4.6,Sandy,1029,21,160,28.9,58.1,No,2.74
F0879,Kampala,Central,Beans,5.4,Loam,771,27,82,20.9,21.8,Yes,4.8
F0880,Wakiso,Central,Sorghum,3.7,Clay,1608,34,252,29.7,41.4,Yes,7.52
F0881,Iganga,Eastern,Rice,14.3,Clay,1779,40,87,21.3,10.7,Yes,11.01
F0882,Gulu,Northern,Maize,19.3,Clay,1873,66,44,23.4,23.6,No,10.8
F0883,Iganga,Eastern,Groundnuts,15.0,Sandy,1896,53,71,21.4,65.4,Yes,8.98
F0884,Mbale,Eastern,Maize,8.6,Sandy,1676,85,244,26.4,62.1,Yes,10.72
F0885,Hoima,Western,Cassava,12.5,Loam,1030,49,238,31.4,29.7,Yes,13.33
F0886,Mbale,Eastern,Coffee,24.3,Sandy,2195,34,360,25.8,40.1,No,11.2
F0887,Arua,Northern,Sorghum,2.3,Clay,1719,36,155,22.0,9.8,No,4.6
F0888,Soroti,Eastern,Cassava,6.6,Sandy,1805,44,238,23.9,75.7,No,12.22
F0889,Kabale,Western,Groundnuts,15.6,Sandy,1760,85,275,21.2,21.6,Yes,8.86
F0890,Mbale,Eastern,Maize,13.0,Clay,1873,43,341,25.8,73.4,No,9.12
F0891,Gulu,Northern,Sorghum,2.0,Loam,1284,52,232,30.4,3.6,No,5.36
F0892,Kabale,Western,Groundnuts,9.6,Loam,1622,89,177,28.2,9.7,Yes,7.34
F0893,Wakiso,Central,Maize,20.7,Clay,1211,44,385,28.7,26.1,Yes,12.02
F0894,Soroti,Eastern,Maize,14.7,Clay,2114,63,116,19.9,26.7,No,10.14
F0895,Wakiso,Central,Rice,22.9,Sandy,863,21,285,18.7,36.5,Yes,13.88
F0896,Mukono,Central,Banana,18.9,Sandy,1346,89,294,32.9,49.8,No,18.88
F0897,Mbale,Eastern,Cassava,23.9,Sandy,1334,73,436,22.7,52.5,Yes,19.43
F0898,Arua,Northern,Maize,7.6,Loam,1455,65,344,29.5,9.4,No,9.53
F0899,Gulu,Northern,Sorghum,3.7,Clay,1904,76,144,22.2,72.0,Yes,6.93
F0900,Iganga,Eastern,Rice,3.6,Loam,1437,22,462,30.8,43.3,No,7.78
F0901,Mbarara,Western,Maize,21.2,Sandy,1144,84,7,27.0,67.4,Yes,10.97
F0902,Gulu,Northern,Maize,3.9,Loam,2131,33,446,30.0,70.5,Yes,8.24
F0903,Fort Portal,Western,Rice,16.4,Clay,1314,34,419,24.0,38.3,Yes,11.18
F0904,Mukono,Central,Coffee,14.8,Clay,1568,38,384,28.0,54.1,Yes,9.37
F0905,Lira,Northern,Beans,2.0,Sandy,1969,85,106,26.9,39.9,No,5.32
F0906,Soroti,Eastern,Rice,11.7,Sandy,1501,86,339,31.1,57.8,Yes,12.18
F0907,Arua,Northern,Coffee,11.8,Clay,1743,78,451,18.1,1.7,Yes,9.11
F0908,Hoima,Western,Cassava,10.6,Loam,1286,65,110,25.4,24.3,Yes,12.62
F0909,Kabale,Western,Banana,4.4,Loam,1988,57,490,30.5,42.3,Yes,14.56
F0910,Hoima,Western,Beans,12.1,Sandy,1929,73,224,23.3,37.6,No,6.29
F0911,Soroti,Eastern,Banana,4.8,Loam,1456,37,3,18.8,26.0,Yes,12.14
F0912,Mukono,Central,Groundnuts,6.0,Loam,1351,20,167,22.1,66.7,Yes,4.57
F0913,Iganga,Eastern,Cassava,6.6,Loam,1529,38,0,32.5,52.6,Yes,12.45
F0914,Fort Portal,Western,Groundnuts,16.0,Clay,996,29,394,32.6,60.0,Yes,10.16
F0915,Wakiso,Central,Coffee,21.3,Clay,2182,30,108,20.8,14.8,Yes,9.76
F0916,Mukono,Central,Beans,2.6,Loam,1972,58,50,30.7,1.1,No,2.95
F0917,Hoima,Western,Coffee,1.4,Clay,1826,36,259,29.0,77.6,No,5.71
F0918,Soroti,Eastern,Maize,4.3,Clay,2186,24,302,25.0,21.3,Yes,8.59
F0919,Mbarara,Western,Banana,17.5,Sandy,719,40,429,30.0,45.6,Yes,17.57
F0920,Hoima,Western,Sorghum,19.3,Clay,1703,24,96,26.2,33.7,No,8.48
F0921,Jinja,Eastern,Cassava,20.0,Loam,1141,78,114,30.7,10.9,Yes,15.29
F0922,Mbarara,Western,Beans,23.0,Loam,2143,83,334,19.4,67.7,Yes,10.78
F0923,Fort Portal,Western,Cassava,16.7,Clay,1831,37,415,32.9,46.9,Yes,16.61
F0924,Mbale,Eastern,Cassava,23.4,Sandy,1323,71,465,32.5,24.6,Yes,19.91
F0925,Gulu,Northern,Maize,7.4,Sandy,2180,30,444,30.3,72.0,Yes,8.91
F0926,Gulu,Northern,Rice,20.2,Loam,1062,48,447,24.3,56.9,Yes,12.63
F0927,Hoima,Western,Coffee,2.4,Sandy,824,22,59,20.0,64.9,Yes,2.47
F0928,Kabale,Western,Banana,13.4,Loam,762,86,56,20.9,16.3,Yes,17.5
F0929,Hoima,Western,Banana,20.0,Clay,798,43,40,19.1,44.5,Yes,15.94
F0930,Jinja,Eastern,Banana,23.4,Loam,1216,23,309,25.0,56.8,No,18.39
F0931,Kampala,Central,Groundnuts,2.7,Sandy,1561,36,54,24.0,41.0,No,3.41
F0932,Kampala,Central,Groundnuts,1.9,Loam,2196,45,124,27.3,2.3,Yes,3.33
F0933,Gulu,Northern,Maize,1.0,Loam,887,32,486,23.3,76.3,Yes,6.66
F0934,Fort Portal,Western,Coffee,1.4,Sandy,2032,61,397,22.8,1.8,Yes,6.29
F0935,Kabale,Western,Groundnuts,4.9,Sandy,1862,64,496,21.2,15.7,No,6.42
F0936,Iganga,Eastern,Sorghum,23.7,Loam,1657,35,119,19.1,23.1,Yes,9.62
F0937,Gulu,Northern,Sorghum,14.3,Clay,2156,77,252,21.7,45.6,No,11.14
F0938,Lira,Northern,Banana,6.9,Sandy,1810,38,446,32.9,29.2,Yes,15.33
F0939,Gulu,Northern,Rice,23.8,Sandy,1694,62,390,29.3,33.7,No,14.36
F0940,Jinja,Eastern,Beans,14.9,Loam,2062,27,46,20.7,78.5,No,5.49
F0941,Gulu,Northern,Coffee,20.6,Sandy,1227,49,302,21.3,51.3,Yes,10.25
F0942,Wakiso,Central,Sorghum,19.1,Loam,1381,21,357,23.3,42.3,No,11.51
F0943,Hoima,Western,Beans,20.4,Clay,1356,82,185,25.5,67.6,Yes,9.82
F0944,Masaka,Central,Sorghum,3.3,Clay,2003,71,284,25.4,9.3,No,7.46
F0945,Arua,Northern,Coffee,11.2,Loam,1259,81,187,33.0,12.0,No,7.42
F0946,Gulu,Northern,Banana,1.0,Clay,1187,31,158,28.2,26.8,Yes,11.79
F0947,Soroti,Eastern,Coffee,19.1,Clay,1562,47,92,19.8,20.2,Yes,10.13
F0948,Wakiso,Central,Sorghum,1.1,Sandy,1011,77,105,28.4,78.2,No,5.84
F0949,Kabale,Western,Rice,13.5,Clay,1344,20,25,31.3,9.4,Yes,9.71
F0950,Masaka,Central,Cassava,24.0,Loam,1887,83,498,33.0,73.9,No,20.25
F0951,Wakiso,Central,Coffee,16.7,Sandy,1748,50,381,18.9,29.2,Yes,11.09
F0952,Mbale,Eastern,Sorghum,12.0,Sandy,719,34,135,24.8,27.9,No,7.67
F0953,Soroti,Eastern,Groundnuts,6.7,Sandy,2155,75,117,23.4,62.5,No,7.24
F0954,Masaka,Central,Rice,5.4,Loam,1056,55,397,20.3,37.4,Yes,9.55
F0955,Masaka,Central,Beans,12.5,Loam,966,75,500,22.1,30.8,Yes,8.92
F0956,Wakiso,Central,Coffee,19.1,Clay,1843,31,203,31.3,36.4,Yes,10.18
F0957,Jinja,Eastern,Cassava,13.3,Sandy,1166,87,242,18.1,3.9,Yes,15.51
F0958,Kabale,Western,Banana,13.7,Loam,2013,38,349,29.8,35.2,Yes,15.65
F0959,Mbale,Eastern,Groundnuts,19.9,Sandy,2127,70,28,25.9,62.8,Yes,9.9
F0960,Arua,Northern,Coffee,18.1,Sandy,1400,60,195,22.5,55.4,Yes,9.89
F0961,Masaka,Central,Sorghum,9.8,Clay,1252,56,201,23.9,52.5,Yes,8.83
F0962,Kabale,Western,Maize,18.4,Clay,1544,23,136,23.8,46.1,Yes,10.98
F0963,Arua,Northern,Sorghum,8.3,Clay,841,51,352,23.1,52.3,Yes,9.43
F0964,Mbale,Eastern,Banana,17.4,Loam,1760,38,384,22.1,53.9,No,17.25
F0965,Kabale,Western,Cassava,23.5,Loam,1420,22,117,25.4,49.5,No,14.54
F0966,Arua,Northern,Sorghum,18.2,Loam,1462,34,117,24.9,17.9,No,10.82
F0967,Lira,Northern,Cassava,12.1,Clay,844,25,190,26.8,13.4,No,14.21
F0968,Lira,Northern,Beans,12.8,Loam,1281,87,453,32.9,54.5,Yes,10.3
F0969,Mbarara,Western,Beans,4.0,Sandy,1174,66,237,28.9,77.4,Yes,5.57
F0970,Iganga,Eastern,Beans,12.1,Sandy,1010,22,453,22.2,73.4,Yes,6.13
F0971,Kampala,Central,Maize,18.6,Loam,1304,22,55,29.1,63.8,No,10.52
F0972,Hoima,Western,Maize,25.0,Clay,1970,57,187,26.8,18.6,No,13.51
F0973,Jinja,Eastern,Groundnuts,15.0,Clay,1663,59,413,28.9,78.6,No,10.63
F0974,Lira,Northern,Cassava,10.8,Loam,1437,67,360,30.5,12.2,No,15.63
F0975,Kabale,Western,Cassava,9.2,Clay,700,39,19,22.6,74.6,Yes,11.25
F0976,Masaka,Central,Banana,12.5,Loam,887,39,425,26.5,55.4,Yes,15.81
F0977,Gulu,Northern,Sorghum,14.5,Sandy,2091,81,171,26.8,17.6,No,11.49
F0978,Hoima,Western,Maize,9.8,Clay,1419,75,457,27.1,3.7,No,9.82
F0979,Iganga,Eastern,Rice,24.9,Sandy,2180,71,368,18.7,36.4,Yes,16.26
F0980,Iganga,Eastern,Beans,18.2,Loam,1145,83,236,25.7,29.8,No,8.39
F0981,Mbarara,Western,Rice,24.4,Sandy,1063,50,394,18.6,49.6,No,15.42
F0982,Jinja,Eastern,Banana,21.0,Sandy,1710,33,143,21.4,25.5,Yes,17.22
F0983,Jinja,Eastern,Groundnuts,12.4,Loam,1498,69,228,28.9,66.7,No,7.54
F0984,Gulu,Northern,Banana,4.3,Clay,1119,27,93,32.8,63.5,No,11.39
F0985,Fort Portal,Western,Groundnuts,22.6,Sandy,1148,52,63,30.8,51.7,No,9.07
F0986,Mukono,Central,Coffee,19.1,Loam,2141,55,94,18.7,5.1,No,8.81
F0987,Hoima,Western,Rice,18.9,Sandy,1469,45,16,26.8,7.0,No,10.87
F0988,Masaka,Central,Groundnuts,0.7,Sandy,1559,72,180,31.6,71.7,Yes,6.85
F0989,Mukono,Central,Groundnuts,24.9,Clay,969,81,432,21.2,16.4,Yes,14.3
F0990,Mbale,Eastern,Cassava,8.3,Sandy,2107,42,231,22.3,30.5,No,13.22
F0991,Kabale,Western,Beans,7.6,Clay,1569,83,370,19.6,67.8,No,6.82
F0992,Mbale,Eastern,Beans,17.4,Clay,1028,71,209,28.7,74.6,No,7.54
F0993,Iganga,Eastern,Sorghum,14.8,Sandy,1746,84,335,32.0,79.3,No,9.8
F0994,Masaka,Central,Banana,8.9,Clay,1587,71,461,21.2,29.0,Yes,16.36
F0995,Mbale,Eastern,Maize,14.7,Sandy,1198,34,318,25.3,15.8,Yes,10.66
F0996,Mbale,Eastern,Banana,23.9,Loam,1272,70,476,24.9,16.9,No,20.23
F0997,Wakiso,Central,Groundnuts,13.4,Sandy,2124,58,268,25.3,5.1,No,7.74
F0998,Mbarara,Western,Cassava,12.7,Clay,1282,26,496,32.1,57.9,No,13.69
F0999,Kabale,Western,Maize,3.4,Loam,902,80,384,29.9,33.5,Yes,8.15
F1000,Jinja,Eastern,Maize,11.5,Sandy,2144,33,419,27.9,36.4,Yes,10.16
